Mélység [m↓₊],Azimuth [°↻⁺],Sebesség [m/s]
0.25,173.4283075,1.628883627
0.25,177.2970845,1.600058365
0.25,173.0155308,1.111473372
0.25,176.4591557,1.334236565
0.25,176.0744759,1.290615865
0.25,177.4365459,1.42175301
0.25,174.6528035,1.051167461
0.25,170.3067554,1.666907229
0.25,173.939195,1.384204066
0.25,181.7998417,1.403630725
0.25,173.7430824,1.001843754
0.25,175.0486584,1.453917331
0.25,175.6952678,1.102420967
0.25,173.2489992,1.57475417
0.25,174.0689296,1.204764958
0.25,180.3960631,1.181940444
0.25,174.1532053,1.240024611
0.25,170.593671,1.03229852
0.25,172.1529457,1.457667281
0.25,177.8856231,1.3348974
0.25,180.2631429,1.349217356
0.25,169.0761769,1.619389665
0.25,177.1755266,1.572540973
0.25,171.2687305,1.254707952
0.25,176.3362943,1.292512167
0.25,177.0911198,1.512236701
0.25,179.7436716,1.561053725
0.25,180.8810571,1.77447299
0.25,178.4704827,1.4838739
0.25,177.2136693,1.404333912
0.25,174.1273521,1.464477354
0.25,175.195666,1.297920546
0.25,174.6226649,1.658442078
0.25,177.6575564,1.695563091
0.25,180.1126495,1.636501968
0.25,177.794363,1.491861951
0.25,176.6658315,1.117393884
0.25,175.5463942,1.213075355
0.25,179.4618683,1.442378203
0.25,177.2607749,1.88438945
0.25,173.5612317,1.523692476
0.25,175.7969302,1.221899396
0.25,175.9312093,1.276786069
0.25,174.3700394,1.466096719
0.25,180.7015359,1.299074484
0.25,175.7169988,1.248186484
0.25,175.6346381,1.552786563
0.25,174.7694625,1.394375023
0.25,176.0064937,1.405148138
0.25,180.2604083,1.225062875
0.25,172.2284837,1.203644475
0.25,175.5137978,1.434429369
0.25,173.9727183,1.325957519
0.25,182.6864374,1.478260771
0.25,170.3212056,1.054834158
0.25,172.4729495,1.49710257
0.25,175.2539782,1.623615118
0.25,180.5322144,1.504203089
0.25,170.5505541,1.247655862
0.25,175.7888001,1.242797776
0.25,174.6323115,1.443084285
0.25,179.4985241,1.668636836
0.25,175.8715502,1.44208707
0.25,179.078399,1.413676296
0.25,173.9744737,1.362397547
0.25,173.4135406,1.01673355
0.25,176.1705269,1.536391322
0.25,178.0104888,1.791910875
0.25,178.2595893,1.430275095
0.25,174.5852426,2.054035291
0.25,176.4642549,1.509600582
0.25,173.8282958,1.302503432
0.25,176.9908652,1.249156472
0.25,175.4378895,1.614907153
0.25,171.378995,1.026365065
0.25,176.5382652,1.394705771
0.25,173.1492132,1.199514424
0.25,174.8290408,1.629867043
0.25,168.9586204,1.313499479
0.25,175.5021684,0.993674643
0.25,175.455398,0.775291481
0.25,178.9905981,1.597945462
0.25,177.7974132,1.262054597
0.25,173.2797821,1.376808081
0.25,175.5704204,1.443960462
0.25,177.1114673,1.561787142
0.25,175.9828893,1.461182237
0.25,178.9082342,1.570479204
0.25,176.0579697,1.706130655
0.25,174.598482,1.70800589
0.25,179.0589677,1.350471138
0.25,173.1639653,0.9383083
0.25,172.7240111,1.308115092
0.25,180.245898,1.020299368
0.25,180.9693226,1.654190216
0.25,172.9401668,1.625136719
0.25,174.2684605,1.337028341
0.25,175.6277544,1.235010822
0.25,174.215436,1.500360171
0.25,173.2321013,1.881279706
0.25,171.5721958,1.177865494
0.25,175.7274705,1.340712726
0.25,176.7682574,1.238633417
0.25,179.2502007,1.408252373
0.25,180.8116215,1.514623096
0.25,173.8390421,1.244683308
0.25,172.4857889,1.683074186
0.25,178.3838565,1.921284813
0.25,172.5587648,1.283026155
0.25,177.7474453,1.455239171
0.25,173.5996526,1.673417648
0.25,179.5655742,1.721505754
0.25,176.7102196,1.775085934
0.25,179.2998792,1.463082527
0.25,174.4613874,1.371001536
0.25,174.1845568,1.492636042
0.25,181.7063379,1.466142584
0.25,175.1547428,1.24992887
0.25,172.1664318,1.542772965
0.25,178.3026209,1.43128966
0.25,178.3497433,1.196023099
0.25,176.8157448,1.69093798
0.25,177.99221,1.567387126
0.25,175.9177364,1.720439381
0.25,177.5937438,1.435648674
0.25,179.1038506,1.443234963
0.25,171.0880041,1.661385997
0.25,179.272369,1.411100438
0.25,174.5000935,1.86228555
0.25,180.1818621,1.432651155
0.25,181.1803418,1.338308015
0.25,176.1364896,1.185416243
0.25,171.2212789,1.268044866
0.25,177.021538,1.387366969
0.25,176.8771686,1.172550042
0.25,175.2073761,1.387577625
0.25,176.5866526,0.918893224
0.25,174.1014047,1.491002759
0.25,176.2335453,1.286342728
0.25,176.0525927,1.409918222
0.25,178.0253793,1.5065333
0.25,174.7980791,1.613131034
0.25,175.7992178,1.897342049
0.25,175.3213534,1.403952721
0.25,181.5669435,1.154559497
0.25,172.4357543,1.535699686
0.25,176.9336774,1.158122569
0.25,173.6221357,1.612018419
0.25,175.1914814,1.639508456
0.25,177.3309575,0.763694443
0.25,173.286568,1.478191162
0.25,178.7562608,1.486487679
0.25,178.488579,1.39037849
0.25,174.820449,1.269339825
0.25,174.9957685,1.365311526
0.25,175.9495584,1.414196651
0.25,179.3825092,1.396362475
0.25,173.8295719,1.425608224
0.25,174.8500015,1.397011896
0.25,177.1107507,1.537575589
0.25,171.4920606,1.66767715
0.25,181.3473779,0.993870942
0.25,176.0663531,1.256900872
0.25,170.6520276,1.684371428
0.25,171.064164,0.988734887
0.25,175.3953871,1.461384536
0.25,173.4555667,1.298061234
0.25,176.8301189,1.296708756
0.25,173.2791963,1.510030191
0.25,172.977605,1.566788316
0.25,174.4611993,1.60228019
0.25,176.076599,1.488593021
0.25,174.1708851,0.864056198
0.25,178.5563907,1.82876037
0.25,174.7319058,1.351448146
0.25,174.2926396,1.642814886
0.25,176.8140811,1.432646935
0.25,178.9764621,1.360175555
0.25,178.1363951,1.456078068
0.25,174.4068513,1.593216592
0.25,178.6958032,1.471112479
0.25,178.4643121,1.600276681
0.25,175.0239602,1.582653142
0.25,179.1646986,0.999270418
0.25,174.1131292,1.562379998
0.25,176.2758017,1.257237442
0.25,171.5390956,1.515848677
0.25,176.7170642,1.102223794
0.25,179.3502238,1.13607545
0.25,180.657039,1.129910682
0.25,173.7801335,1.011177029
0.25,174.155764,1.583358964
0.25,172.298462,1.526694137
0.25,179.7754565,1.432313901
0.25,171.5886238,1.673680836
0.25,179.7356433,1.445063395
0.25,170.6208125,1.288454836
0.25,182.3700837,0.945948501
0.25,175.8630864,1.322137527
0.25,177.8814715,1.507661311
0.25,178.7175558,1.465076955
0.25,175.8935595,0.857578979
0.25,177.0810058,1.713453896
0.25,173.4990213,1.654006345
0.25,174.1913101,1.037753668
0.25,177.8795812,1.31688006
0.25,177.6255326,1.510115278
0.25,176.4548052,1.378999526
0.25,177.8143848,1.432481098
0.25,173.8793921,1.803142914
0.25,175.4439806,1.534423461
0.25,176.0185545,1.726708166
0.25,176.8959611,1.296658473
0.25,173.5454023,1.411378421
0.25,179.1348345,1.477079193
0.25,176.8478711,1.232385802
0.25,181.5547167,1.195548107
0.25,176.6622364,1.560708171
0.25,175.7076169,1.171471065
0.25,172.9568009,1.343625203
0.25,176.0985303,1.56844919
0.25,175.6724966,1.239405499
0.25,177.5009917,1.135614572
0.25,177.0668992,1.419597586
0.25,178.1303207,1.503737698
0.25,173.1417103,1.592227325
0.25,174.6669558,1.382326415
0.25,177.5124047,1.290818246
0.25,175.5959949,1.231045473
0.25,175.9000156,2.077142912
0.25,174.542947,1.296702464
0.25,176.9118795,1.477678808
0.25,177.1643897,1.605377977
0.25,174.5633762,1.32535501
0.25,180.3058248,1.754286151
0.25,181.4164303,1.44911323
0.25,176.8697722,1.260632192
0.25,176.828287,1.316993601
0.25,179.0446496,1.711935553
0.25,175.0372391,1.39851225
0.25,177.3358607,0.921639572
0.25,177.465819,1.187135121
0.25,175.9337918,1.337011077
0.25,174.7485244,1.458593309
0.25,172.35207,1.217315076
0.25,180.5748776,1.2745553
0.25,172.5192145,0.953876398
0.25,179.5496419,1.376379158
0.25,174.5836273,1.517140652
0.25,175.1158601,1.12478331
0.25,172.4514733,0.922579778
0.25,174.6058777,1.052475076
0.25,175.8915668,1.379712217
0.25,173.9090456,1.778419731
0.25,169.4688116,1.363466919
0.25,175.3033698,1.23766845
0.25,177.6077311,1.356722603
0.25,177.7076125,1.644516084
0.25,176.116772,1.903324003
0.25,179.1551035,1.181687624
0.25,182.7096754,1.591262736
0.25,174.9782354,1.42826679
0.25,175.0860995,1.392667049
0.25,179.6660321,1.512377101
0.25,174.5273264,1.333242106
0.25,173.2445854,1.056696936
0.25,175.4693321,1.121284492
0.25,172.0414292,1.576891946
0.25,175.0772546,1.521720684
0.25,175.4155528,1.49543835
0.25,170.1703895,1.236501854
0.25,182.2229074,1.545722572
0.25,178.2804317,1.347825172
0.25,177.9125801,1.187166645
0.25,175.7333591,1.393300098
0.25,181.6995053,1.309708111
0.25,175.3339337,1.616299115
0.25,174.8582686,1.408402239
0.25,173.6217045,1.297192209
0.25,174.7808409,1.323338075
0.25,178.890047,1.771853227
0.25,174.7461768,1.666569631
0.25,173.8102455,1.511672371
0.25,177.8018742,1.228432698
0.25,177.4835672,1.62249278
0.25,177.6315118,1.142899277
0.25,173.0130973,1.13209637
0.25,176.7689668,1.701691888
0.25,175.8926779,1.354054498
0.25,176.126011,1.221649699
0.25,178.7176123,1.692563559
0.25,173.4648879,1.607625753
0.25,175.7103304,1.474250488
0.25,173.8966735,1.494250749
0.25,177.8085114,1.35162455
0.25,176.4003793,1.445116121
0.25,172.7341077,2.039895677
0.25,178.3530166,1.827628058
0.25,173.3830265,1.524790243
0.25,178.5646397,1.387859778
0.25,182.0985707,1.48166043
0.25,172.3920115,1.559655266
0.25,176.0001998,1.492547497
0.25,173.5424883,1.112182221
0.25,178.3349832,1.592737647
0.25,173.9599837,1.153197316
0.25,170.6047774,1.366431903
0.25,177.986111,1.537733138
0.25,177.234027,1.624150814
0.25,172.690524,0.992661823
0.25,178.8130428,1.150464096
0.25,180.5128687,1.019492619
0.25,177.3182887,1.104585739
0.25,176.9060692,1.892298188
0.25,172.6754589,1.260940316
0.25,174.6380869,1.364332664
0.25,166.8746067,1.319366948
0.25,178.5469017,1.523743454
0.25,174.9163367,0.987206227
0.25,181.1623035,1.509786332
0.25,174.3144606,0.705917218
0.25,177.7603333,1.70425279
0.25,178.1146562,1.254221531
0.25,171.107918,1.583271923
0.25,173.0099068,1.458061534
0.25,173.5843674,1.469687343
0.25,173.5939704,1.281420385
0.25,179.0450492,1.685580614
0.25,172.8685114,1.475319675
0.25,173.321483,1.582223246
0.25,179.4867789,1.036398986
0.25,180.7188508,0.97767095
0.25,178.4570334,1.691421821
0.25,178.5930421,1.672765009
0.25,174.6533395,1.622920053
0.25,171.3352465,1.453981762
0.25,174.8956566,1.410380619
0.25,176.0474405,2.045224086
0.25,175.9067273,1.746595835
0.25,174.7198281,1.470709952
0.25,176.1293256,1.775271757
0.25,175.0909367,1.071379959
0.25,174.1402944,1.276237426
0.25,174.6495895,1.405692648
0.25,172.2910058,1.184650548
0.25,174.2881565,1.397604396
0.25,171.5304507,1.090208889
0.25,174.3494788,1.534590805
0.25,175.0725354,1.634891615
0.25,172.9313545,1.6056147
0.25,175.8041908,1.654385722
0.25,177.5743399,1.25347023
0.25,180.1808662,1.361707477
0.25,178.4303991,1.314073646
0.25,177.7153992,1.764928616
0.25,178.9657646,1.566560875
0.25,179.1830563,1.712401804
0.25,175.286649,1.387062542
0.25,174.1870356,1.346836974
0.25,172.6879175,0.819110112
0.25,177.1923093,1.556953963
0.25,173.0893851,1.432161572
0.25,175.0970741,1.846611542
0.25,177.1509854,1.464595552
0.25,175.1451979,1.223476429
0.25,174.6444118,1.402951333
0.25,177.6853659,1.206654378
0.25,176.4999926,1.786747812
0.25,176.0936631,1.463444118
0.25,176.6953821,1.53384781
0.25,171.5356082,1.762589925
0.25,174.9001632,1.603532449
0.25,172.9604925,1.226324015
0.25,175.7121649,1.492107395
0.25,178.9303159,1.365300315
0.25,172.1558589,1.62603022
0.25,176.1562471,1.649331199
0.25,174.2700126,1.263607129
0.25,175.2287084,1.433389051
0.25,180.419492,1.474410486
0.25,174.9451719,1.729022574
0.25,179.0075429,1.049989925
0.25,175.9796886,1.483468242
0.25,177.3665477,1.838815597
0.25,172.1046503,1.394390183
0.25,176.0028224,1.512098231
0.25,171.0954419,1.785886425
0.25,172.2639957,0.6820936
0.25,172.184056,1.41180874
0.25,178.2437693,1.298684649
0.25,177.7643877,1.79698324
0.25,176.3311564,1.551574249
0.25,175.2527002,1.22567507
0.25,182.7048948,1.283762014
0.25,176.2709632,1.160370016
0.25,176.5670394,1.392313611
0.25,176.1488571,1.368381813
0.25,172.1927759,1.577577681
0.25,172.5339625,1.495761979
0.25,174.528769,1.502829449
0.25,178.2030325,1.340864868
0.25,175.4542118,1.814284386
0.25,178.9106552,1.598438065
0.25,174.1902047,1.127845353
0.25,177.5732397,1.42254671
0.25,174.5398314,1.285295194
0.25,178.231802,1.230555587
0.25,176.1192727,1.501366593
0.25,176.0634076,1.059131413
0.25,174.2218825,1.59172328
0.25,175.6513456,1.634138846
0.25,175.501001,1.22262044
0.25,178.0890939,1.737968763
0.25,174.1788399,1.842939846
0.25,178.1967201,1.391002255
0.25,177.0563212,1.793184838
0.25,173.014146,0.814576897
0.25,177.1846765,1.100934109
0.25,177.5991454,1.771401876
0.25,178.2443694,1.378500251
0.25,174.1830994,1.838842482
0.25,179.1967855,1.058747224
0.25,171.2914067,1.445084847
0.25,174.5931246,2.002235971
0.25,174.138913,1.108625015
0.25,172.7011069,1.442989067
0.25,171.4361,1.135445283
0.25,176.4653026,1.396983152
0.25,175.4302209,1.470636008
0.25,184.8461252,1.525218449
0.25,178.8502489,1.204629305
0.25,178.6789229,1.214125797
0.25,170.5116929,1.453098843
0.25,173.8040733,1.894245958
0.25,176.9520104,1.436169218
0.25,178.9356762,1.933659927
0.25,174.6504475,1.73028418
0.25,176.8675375,1.463644211
0.25,175.822927,1.192604663
0.25,172.6863333,1.347808155
0.25,178.1271499,1.257134735
0.25,177.9060774,1.465518463
0.25,176.3645889,1.565763852
0.25,178.7964291,1.151607007
0.25,174.8601497,1.450862738
0.25,173.1034819,1.362634914
0.25,175.2188104,1.173680296
0.25,179.2250592,1.668396729
0.25,181.4810872,1.585335728
0.25,173.4513144,1.439397571
0.25,175.4548416,1.345507692
0.25,173.2643752,0.643192554
0.25,177.0820956,1.359375972
0.25,178.3884511,1.685334888
0.25,174.9666131,1.201738362
0.25,174.1260164,1.278227792
0.25,177.4644876,1.93968568
0.25,169.2389592,1.368113786
0.25,173.594233,1.713166992
0.25,179.7189266,1.460780653
0.25,174.733637,1.059631503
0.25,176.8441565,1.67163837
0.25,176.5357353,1.625323121
0.25,177.0646967,1.668135833
0.25,173.013984,1.329597528
0.25,177.5299346,1.109973565
0.25,172.4642357,1.549724256
0.25,178.1484697,1.361808823
0.25,180.3615188,1.424344372
0.25,178.1214412,1.201885745
0.25,174.8663448,1.16977022
0.25,173.951034,1.510874318
0.25,174.1265687,1.559896712
0.25,179.5832117,1.446557762
0.25,174.1153365,1.806838768
0.25,177.5388221,1.462770314
0.25,173.349668,1.814074335
0.25,183.0713901,1.3508879
0.25,176.8461109,1.221112655
0.25,174.4515504,1.656339895
0.25,177.6091607,1.369705721
0.25,173.6981356,1.776308438
0.25,177.0674497,1.745966657
0.25,179.8587862,1.264283447
0.25,179.1849935,1.345059333
0.25,174.9638438,1.415314272
0.25,173.9038174,1.415038256
0.25,174.5079654,1.204066877
0.25,178.832106,1.718151358
0.25,177.8511698,1.925975008
0.25,172.7754658,1.298635227
0.25,172.6142886,1.216309108
0.25,175.2683759,1.163288719
0.25,173.6515494,1.337326748
0.25,172.1372801,1.295273931
0.25,172.7539569,1.551604766
0.25,169.8363209,1.180638219
0.25,177.6984708,1.18575843
0.25,183.2887074,1.57798997
0.25,177.6677645,1.240717239
0.5,175.5828839,0.982709661
0.5,179.70872,1.115714804
0.5,177.0707026,0.849132486
0.5,176.097834,1.146382794
0.5,176.7903693,1.752260061
0.5,178.1342467,1.250948377
0.5,175.5237844,1.17387979
0.5,175.3162148,0.977462127
0.5,176.1375612,1.005672832
0.5,178.8491826,1.305877379
0.5,179.5934087,1.515868005
0.5,176.6879685,1.256764324
0.5,181.370935,1.485919693
0.5,175.9616172,1.066654612
0.5,173.4097036,0.993680215
0.5,174.3363392,1.490918913
0.5,179.3261988,0.804709272
0.5,176.5411812,1.112609011
0.5,172.4563796,1.665100441
0.5,181.2780147,1.490330444
0.5,172.8009258,1.45387777
0.5,177.833085,0.581071223
0.5,175.3153077,1.822952982
0.5,181.4227087,1.108970142
0.5,177.5594963,1.391506351
0.5,177.606171,1.491598299
0.5,173.127314,1.21746214
0.5,174.7347082,0.600679177
0.5,177.7727116,1.149923926
0.5,177.6220972,1.214070533
0.5,173.665113,0.94283113
0.5,173.7601237,1.490802032
0.5,176.4899447,1.691728087
0.5,174.8204955,1.120482464
0.5,177.8446312,1.509901257
0.5,179.6776557,1.661004571
0.5,176.2952199,2.040502674
0.5,176.184587,1.393537865
0.5,177.0016871,1.220704358
0.5,180.6719036,1.510358119
0.5,174.9810636,0.840120023
0.5,172.8690947,1.121642372
0.5,175.6943545,1.107758596
0.5,177.9455661,1.460875422
0.5,181.6464617,1.320474857
0.5,177.1131694,1.025309494
0.5,183.0576931,1.178135723
0.5,180.978814,1.850974968
0.5,176.1908338,1.224286788
0.5,173.9590636,1.287095087
0.5,178.6225284,1.232815395
0.5,174.2218556,0.981934955
0.5,177.1854737,1.318752885
0.5,175.7269256,1.132093355
0.5,178.3480633,1.142624621
0.5,174.1548708,1.219672358
0.5,174.0291488,1.301525115
0.5,173.4253646,0.808824775
0.5,173.6443827,1.344046521
0.5,174.0373934,1.179349319
0.5,174.9728364,1.881878748
0.5,181.0864918,1.466220288
0.5,178.7684701,1.639697269
0.5,172.2840102,1.391797368
0.5,177.1913238,1.461254471
0.5,178.9832975,1.812259261
0.5,178.1105941,1.386971388
0.5,178.1235146,1.133079808
0.5,177.3222105,1.535188723
0.5,177.841117,1.23537488
0.5,172.9945087,0.679482837
0.5,173.2739974,1.299779141
0.5,180.2275704,1.021644986
0.5,173.9318855,1.261532053
0.5,174.6565253,1.187690097
0.5,177.5428227,0.750615837
0.5,177.5296087,1.131401975
0.5,178.0440993,1.27637244
0.5,174.4187886,1.077635792
0.5,176.9290987,0.957283343
0.5,172.825267,1.469025926
0.5,176.4353859,1.306331012
0.5,177.499384,1.332145838
0.5,181.4611644,1.404855825
0.5,174.0406644,1.164181302
0.5,173.8974565,1.359545599
0.5,176.2185902,1.216377662
0.5,177.9692367,0.963269329
0.5,175.9795894,1.937540082
0.5,176.8731833,1.234132815
0.5,174.5905505,1.114896366
0.5,176.5612978,1.260044673
0.5,173.9570489,1.048881668
0.5,171.8802842,0.986725175
0.5,179.2504355,1.197845721
0.5,175.0424822,1.641174973
0.5,175.2092497,1.31368608
0.5,173.0442919,1.284909743
0.5,174.3069636,1.707794267
0.5,174.235053,0.937265916
0.5,180.6149045,1.459103873
0.5,171.5565063,0.910283742
0.5,173.364829,1.559546553
0.5,176.5190207,1.106923662
0.5,176.3186139,0.835128636
0.5,169.981544,1.326052399
0.5,170.4462122,0.585446207
0.5,173.389652,1.511885862
0.5,171.5246235,0.983219808
0.5,174.3375402,1.418443931
0.5,177.3254689,1.472630922
0.5,175.0153927,1.75938196
0.5,172.2747781,1.216628054
0.5,175.5211718,0.92909372
0.5,177.2907732,1.704198562
0.5,175.2869772,1.339318033
0.5,178.1799901,1.135094284
0.5,179.2936378,0.854710944
0.5,181.5906662,1.23585771
0.5,175.937644,1.450790694
0.5,177.0714259,1.851597908
0.5,172.27589,0.801907763
0.5,177.1910225,1.292860746
0.5,174.300187,1.33888582
0.5,177.2210105,1.352041021
0.5,180.5020045,1.248927549
0.5,178.4825043,0.977585305
0.5,174.4113333,1.359603157
0.5,173.2322164,0.961606888
0.5,175.9207302,1.766617554
0.5,176.3244335,0.760028981
0.5,176.1727499,1.360165428
0.5,174.4887878,0.869037545
0.5,175.9026431,1.061445617
0.5,179.3020278,0.992682906
0.5,176.7093809,1.439328282
0.5,180.0433554,1.387563547
0.5,176.5111779,0.886370367
0.5,183.2424328,1.288070146
0.5,180.4302737,1.602295778
0.5,179.4803024,1.468391445
0.5,181.4168594,1.501947101
0.5,178.1625008,1.411986838
0.5,180.2372061,1.498470227
0.5,177.6325677,1.504684095
0.5,178.5846699,1.457665655
0.5,175.1854169,1.55486373
0.5,178.8097713,0.986698332
0.5,175.1426893,1.341827193
0.5,173.8260053,1.260373336
0.5,176.8695197,1.475954789
0.5,175.9516786,1.227275404
0.5,178.266418,0.747959985
0.5,179.0095354,1.285800571
0.5,181.1446412,1.60126249
0.5,176.0708787,1.390929336
0.5,178.284937,1.284635386
0.5,174.1901323,1.376037433
0.5,174.8609665,1.30992896
0.5,174.9130389,1.0884247
0.5,177.3177238,1.205859005
0.5,175.6007789,1.572692184
0.5,179.3032376,1.402480228
0.5,171.8973315,1.017014878
0.5,174.1964088,1.177587788
0.5,175.1595286,1.29407377
0.5,180.7661223,0.756456424
0.5,177.7069123,1.343902559
0.5,173.1005763,1.070630748
0.5,175.8803935,1.576100872
0.5,176.3615624,0.866628172
0.5,176.2586213,0.892445101
0.5,182.8099898,1.130213201
0.5,179.2564471,1.201027349
0.5,176.3353808,1.391460199
0.5,173.1060805,0.879179578
0.5,179.881037,0.959368133
0.5,178.9338251,1.106974004
0.5,178.5972257,1.531098584
0.5,181.1070338,1.264299088
0.5,173.6506272,1.628452896
0.5,176.44735,1.292518911
0.5,183.2315119,1.326418394
0.5,180.7769648,0.920201247
0.5,172.440599,0.929881602
0.5,173.1989843,0.782803171
0.5,175.6270514,1.405729325
0.5,175.8530146,1.742279947
0.5,175.9756968,1.216284039
0.5,178.1952007,1.439014474
0.5,174.813596,1.658171931
0.5,176.1636064,0.815903418
0.5,178.0023376,1.37689009
0.5,173.9388407,1.199313454
0.5,179.6255731,0.828980119
0.5,174.0200232,1.270363238
0.5,176.390613,1.105993103
0.5,175.166065,1.410809713
0.5,174.6398505,1.640381467
0.5,176.3765065,1.052516359
0.5,175.4015079,1.945400865
0.5,177.6469636,0.95519405
0.5,177.48314,1.565327186
0.5,172.6411008,1.710210243
0.5,174.9355578,1.371715256
0.5,177.8620497,1.522384949
0.5,178.5687066,1.514915303
0.5,180.3526624,1.234749587
0.5,177.7166039,1.411898864
0.5,178.6931814,1.151597662
0.5,179.9637392,1.184514762
0.5,174.761925,1.007138078
0.5,173.4577714,1.146751165
0.5,180.6412219,1.124994093
0.5,176.9761332,0.320453272
0.5,174.8439887,1.380649384
0.5,175.8654897,1.394603323
0.5,172.7400186,1.279721376
0.5,173.4075032,1.291011361
0.5,178.4560314,1.675343165
0.5,176.0234466,0.878148132
0.5,175.5040653,0.987912936
0.5,175.3078851,1.394699927
0.5,170.2927043,1.881267523
0.5,174.1543629,1.443517851
0.5,175.789645,1.505239163
0.5,175.9051423,1.188762926
0.5,178.7191101,1.009534727
0.5,177.4864825,1.49166332
0.5,177.8630431,0.853914491
0.5,179.0179286,1.021041003
0.5,176.5476778,0.946814203
0.5,176.5243814,1.138559903
0.5,175.9828561,1.554993501
0.5,175.906649,1.222724614
0.5,176.5603216,1.909897892
0.5,173.6135573,1.029818798
0.5,175.0852048,1.350022785
0.5,177.4842359,2.041378473
0.5,169.9412423,0.99453948
0.5,177.094954,1.629365938
0.5,179.507354,1.371431709
0.5,175.3491816,0.895957002
0.5,174.1649159,1.180659706
0.5,178.9504872,1.039313592
0.5,180.2713002,1.635520106
0.5,172.8014634,1.379337787
0.5,175.8015176,1.363705226
0.5,177.709918,0.914874457
0.5,173.7553494,1.119526712
0.5,175.4789729,1.280446006
0.5,173.9394924,1.067622215
0.5,175.8014632,1.495618011
0.5,179.7319728,0.804587269
0.5,175.4295888,0.598212517
0.5,174.4263704,1.43533465
0.5,176.7560622,0.836033558
0.5,176.5962252,1.216083751
0.5,177.2164808,1.010392253
0.5,173.7720832,1.299413012
0.5,178.9450586,1.36884823
0.5,177.6183051,1.433235773
0.5,174.3469543,1.466517447
0.5,176.4173121,1.398968521
0.5,174.4951681,1.354522094
0.5,180.2623407,1.654795638
0.5,177.3001178,1.123012249
0.5,175.6872114,1.105503492
0.5,176.7531052,1.452148121
0.5,170.7661258,1.445135914
0.5,170.1478347,1.247598841
0.5,176.9912307,1.166643783
0.5,177.4367156,1.54009824
0.5,175.2837535,0.791192845
0.5,174.9716073,1.054407193
0.5,177.3296879,1.927776183
0.5,171.8575707,1.130051414
0.5,178.4869761,0.575811597
0.5,177.8763046,0.83396023
0.5,169.9163802,1.385920793
0.5,173.564149,1.235082551
0.5,175.866909,0.833448209
0.5,175.8667547,0.986387216
0.5,178.0242581,0.92620021
0.5,179.087276,1.143732968
0.5,177.8506433,1.529924175
0.5,174.3158071,1.645646481
0.5,175.5792545,1.373484514
0.5,179.7788612,0.811549909
0.5,175.5748885,1.315657907
0.5,177.1188503,1.091052603
0.5,180.17267,1.69855567
0.5,169.3997644,0.880295539
0.5,176.0637731,1.096607282
0.5,171.7088613,0.808498302
0.5,178.8673409,1.28061812
0.5,174.6465748,1.658523069
0.5,176.9829765,1.363528356
0.5,178.6496789,1.223795137
0.5,177.9531824,0.990652466
0.5,175.0176425,1.310841106
0.5,176.1809135,1.155227301
0.5,180.014442,1.422648686
0.5,178.9080974,1.281725812
0.5,174.3674843,1.493944525
0.5,184.5105982,1.313219494
0.5,178.4423057,1.397488444
0.5,168.5569688,1.519669033
0.5,174.7310819,1.112833731
0.5,172.3637099,1.072193248
0.5,177.3645647,1.360500827
0.5,177.3803095,1.285064552
0.5,178.8931645,0.94404321
0.5,174.0710653,1.462904262
0.5,177.2979336,0.959109814
0.5,178.2284705,1.290772478
0.5,174.6055509,1.477123726
0.5,173.2878606,1.0654834
0.5,180.3519109,1.318123186
0.5,176.6150918,0.858513032
0.5,176.1512589,1.481979066
0.5,172.9555845,1.047511959
0.5,175.3148331,0.988278288
0.5,177.4505086,1.530244466
0.5,177.5346295,1.291120045
0.5,172.5963292,1.482762882
0.5,177.0075082,1.535584878
0.5,180.6978638,1.183424979
0.5,172.715812,1.191739543
0.5,178.4151416,1.735755224
0.5,177.4356923,0.988043455
0.5,174.9561739,0.886510114
0.5,173.5682921,1.584962718
0.5,180.1903277,1.238569357
0.5,179.2556586,1.528665852
0.5,176.4275035,1.376867184
0.5,176.2777924,1.373786268
0.5,171.6061312,1.358116522
0.5,174.5536339,1.358332189
0.5,172.2405964,1.234315816
0.5,173.188554,1.347191717
0.5,178.4303743,1.564126334
0.5,179.8736341,1.568259553
0.5,173.7485234,0.905999953
0.5,178.3851888,1.215633258
0.5,181.7220244,0.973600741
0.5,178.4117257,1.221721865
0.5,178.7370481,1.090776513
0.5,178.1758957,1.245898927
0.5,176.7535596,1.108235216
0.5,182.1923988,1.442563658
0.5,179.3361552,1.396441755
0.5,174.5893412,1.562263328
0.5,174.5709951,1.37445005
0.5,179.1715586,1.502192125
0.5,174.1277883,1.144261064
0.5,179.8231211,1.591352336
0.5,166.9128867,1.083518727
0.5,173.2363201,1.759831387
0.5,177.1997666,1.287268682
0.5,177.5918404,1.089031006
0.5,178.3866135,1.907983033
0.5,170.6409748,1.255484013
0.5,180.2851341,1.305179349
0.5,176.9020124,1.264281891
0.5,173.969832,1.685710652
0.5,177.4300042,1.208390973
0.5,179.1176222,0.987455641
0.5,176.0096636,1.536154387
0.5,178.2568832,0.983869672
0.5,174.1246969,1.061197081
0.5,177.6897308,1.019180405
0.5,178.3584041,0.912196981
0.5,177.1001384,1.055460517
0.5,178.5399703,1.411703284
0.5,182.2691794,1.296446665
0.5,173.6499247,1.525902301
0.5,176.2990012,1.840093087
0.5,174.9846146,1.719186489
0.5,173.527208,1.26272425
0.5,174.0736941,1.437281196
0.5,174.5751363,1.122235764
0.5,176.7964803,0.851064557
0.5,173.4169276,1.200092952
0.5,178.424595,1.552507791
0.5,175.7318604,1.686527509
0.5,173.0577334,0.478613267
0.5,173.254291,1.79437025
0.5,178.6538293,1.314395385
0.5,177.0751771,1.211255904
0.5,171.2204316,1.12507229
0.5,174.9943863,1.458849182
0.5,181.4304878,1.249464315
0.5,180.1766146,1.38045654
0.5,176.5136264,1.28794091
0.5,176.5264611,1.392913073
0.5,176.0083204,1.38765725
0.5,177.7456394,1.373429
0.5,175.9208561,1.311773034
0.5,169.9499122,1.161954633
0.5,178.2924132,1.472511654
0.5,173.5374027,1.270088642
0.5,178.6285389,1.289845376
0.5,176.8596789,1.101260881
0.5,178.4900729,1.104094462
0.5,178.1674891,0.640232275
0.5,177.5751644,1.682521911
0.5,172.3432766,1.456998942
0.5,178.1833809,1.711455935
0.5,173.0694111,1.709997286
0.5,179.3514207,0.74659094
0.5,176.5058305,1.275560033
0.5,176.8332372,1.056038771
0.5,175.1501982,1.267309562
0.5,173.2280048,1.40087441
0.5,177.4327819,1.314781115
0.5,173.174468,1.008019453
0.5,174.4844892,1.778372531
0.5,176.9247954,1.088114737
0.5,178.5390827,1.445448002
0.5,172.6190402,1.270259278
0.5,175.8514044,1.343263592
0.5,173.4647715,0.987258397
0.5,178.3776348,1.115794858
0.5,176.8381573,1.235498986
0.5,175.6513735,1.315602749
0.5,178.0811577,1.167360036
0.5,172.7077228,1.302565489
0.5,177.3532273,1.557726337
0.5,169.8077209,1.51807612
0.5,173.4228928,0.999937842
0.5,178.812586,1.188523633
0.5,174.1265606,1.338898123
0.5,174.3115395,1.440754714
0.5,179.9264298,1.21385373
0.5,181.1486799,1.273433587
0.5,180.3106814,1.424493117
0.5,176.9755926,1.246777075
0.5,176.1466,1.418395466
0.5,175.6052476,1.231541886
0.5,178.043879,1.143049745
0.5,175.0757178,0.835652484
0.5,172.8324396,1.101239144
0.5,177.7925454,0.781298793
0.5,173.6364013,1.22354125
0.5,177.8169977,1.34621257
0.5,180.3876906,1.05856139
0.5,179.7850929,1.327028372
0.5,179.4839703,1.074750924
0.5,179.4650799,1.330593808
0.5,176.0143876,1.097246596
0.5,174.6947258,1.178891516
0.5,171.9979512,1.563257833
0.5,176.2064913,1.116770275
0.5,177.2563791,1.622122398
0.5,180.773776,1.160416763
0.5,176.8294712,1.470492803
0.5,182.5655842,1.011492921
0.5,172.0989162,1.525316852
0.5,172.0922585,1.283743483
0.5,174.5976684,1.308693347
0.5,172.7726346,0.97999523
0.5,178.6795351,1.33226181
0.5,177.9911718,1.091680816
0.5,180.744426,1.034590997
0.5,178.6369191,1.537778487
0.5,176.6083628,1.252355122
0.5,178.8244734,1.67942012
0.5,172.8404808,0.791512662
0.5,173.8705873,0.952718623
0.5,171.6001986,1.271773056
0.5,179.5716641,1.197358094
0.5,176.362784,1.070899862
0.5,176.0119555,1.324418435
0.5,176.4265225,1.707133737
0.5,176.0367,1.200182143
0.5,179.6002869,1.597003308
0.5,173.3522564,1.233556027
0.5,180.6567192,1.196170415
0.5,176.0220769,1.249908972
0.5,178.5037688,1.033607066
0.5,170.4906196,1.177361954
0.5,176.8273178,0.972909463
0.5,176.0419684,1.273272581
0.5,177.6158166,1.396913362
0.5,179.8784378,1.254445413
0.5,173.9164767,1.440560624
0.5,180.1232916,1.266204693
0.5,175.3168522,1.468215235
0.5,179.9381749,1.209949526
0.5,178.3446788,1.592896253
0.5,176.4099677,1.157052545
0.5,177.4670089,1.138876968
0.5,179.4444823,1.262394311
0.5,176.9382117,0.965912916
0.5,173.360019,1.138899465
0.5,174.2894754,0.753794947
0.5,178.4225595,1.151916582
0.5,177.9935493,1.267531797
0.5,182.3825834,0.996530747
0.75,174.7086489,1.396155999
0.75,175.5987745,1.350216496
0.75,174.798589,1.568999899
0.75,181.3716208,1.466193769
0.75,175.8191866,1.334251609
0.75,174.5583998,1.37054139
0.75,177.3157555,1.590296929
0.75,174.7904052,1.457570917
0.75,176.8931502,1.572990243
0.75,176.2326188,1.530700928
0.75,175.8854931,1.388056655
0.75,176.8532047,1.267522164
0.75,180.4718745,1.426320244
0.75,179.0659136,1.417413454
0.75,173.7938334,1.455290443
0.75,177.7041654,1.385510868
0.75,177.7029635,1.56829438
0.75,177.8865823,1.553430707
0.75,171.4330646,1.439585838
0.75,180.0633162,1.449010312
0.75,172.0020526,1.28756325
0.75,174.9558569,1.490180523
0.75,178.8011336,1.104924919
0.75,175.456653,1.384486729
0.75,176.4819306,1.438917336
0.75,179.5267278,1.520237837
0.75,177.7129017,1.398267686
0.75,175.683026,1.442470505
0.75,178.3654121,1.530937302
0.75,174.9693223,1.142773228
0.75,175.9075629,1.346191333
0.75,173.0680456,1.038132041
0.75,177.3648029,1.187170881
0.75,173.963025,1.213264979
0.75,176.2829733,1.303267288
0.75,178.7812942,1.379654803
0.75,177.5533143,1.341619641
0.75,176.2570661,1.489960344
0.75,174.2151882,1.408457375
0.75,181.5899463,1.547556304
0.75,177.2615529,1.427811516
0.75,178.2419462,1.398234227
0.75,181.5558315,1.226630281
0.75,175.2000681,1.477615732
0.75,180.8875304,1.435994022
0.75,171.2768329,1.598956086
0.75,175.4829003,1.36251556
0.75,178.3748606,1.196451144
0.75,175.9126006,1.399905537
0.75,176.0259628,0.97113641
0.75,178.7049038,1.657882211
0.75,175.0120876,1.244838979
0.75,171.5645105,1.232157183
0.75,173.7167414,1.270627658
0.75,174.5036594,1.224416276
0.75,173.6910479,1.307860507
0.75,172.1730179,1.201031739
0.75,175.6731285,1.079873011
0.75,175.8706557,1.107871929
0.75,174.6764775,1.265035291
0.75,178.7623338,1.399561533
0.75,173.5973665,1.309832476
0.75,175.3362355,1.455008988
0.75,177.3364986,1.234534033
0.75,174.5254018,1.39371533
0.75,177.4836722,1.265593762
0.75,178.1735517,1.624786843
0.75,175.0239117,1.320392139
0.75,172.1841129,1.341284035
0.75,171.8910648,1.478545647
0.75,176.9896058,1.470337514
0.75,175.7407654,1.407178814
0.75,179.3678127,1.561887418
0.75,177.906207,1.430547065
0.75,178.982796,1.319580113
0.75,171.2542004,1.375312154
0.75,173.3076392,1.593513014
0.75,177.5674454,1.613321597
0.75,176.4844747,1.521610371
0.75,178.2596569,1.23476627
0.75,172.5466029,1.368622986
0.75,176.0958085,1.15710295
0.75,179.593445,1.1597778
0.75,174.7600976,1.289638306
0.75,179.6278216,1.327308758
0.75,180.7203891,1.338351662
0.75,176.3789455,1.396412136
0.75,176.1768071,1.392430016
0.75,173.4927271,1.486340967
0.75,177.1686699,1.417405383
0.75,180.1500392,1.170302035
0.75,176.5969173,1.268749823
0.75,177.8426135,1.715656106
0.75,175.5984273,1.370499946
0.75,173.643202,1.213558827
0.75,178.5789379,1.261573849
0.75,179.9133278,1.208363346
0.75,181.6400624,1.386324659
0.75,175.2506247,1.436185514
0.75,175.9762102,1.506758112
0.75,178.9217814,1.434641942
0.75,177.9431779,1.601264217
0.75,178.6232703,1.260361514
0.75,177.504287,1.295965321
0.75,176.4253036,1.352632369
0.75,173.8217701,1.555023412
0.75,174.0586909,1.352996616
0.75,171.7304354,1.44358553
0.75,182.14504,1.336887565
0.75,176.8772208,1.45943379
0.75,173.593307,1.480067892
0.75,176.4328456,1.430281521
0.75,174.6578554,1.277587226
0.75,181.9008736,1.508655595
0.75,176.3523533,1.379688903
0.75,178.14619,1.236337271
0.75,171.2288477,1.494796747
0.75,179.5684089,1.299538496
0.75,175.5078656,1.573350507
0.75,175.7913337,1.305305407
0.75,181.1346855,1.463800035
0.75,174.4830335,1.281604231
0.75,177.9965518,1.464637654
0.75,178.4189327,1.432907216
0.75,178.1554799,1.294287246
0.75,175.4121257,1.261415029
0.75,177.4886133,1.443686577
0.75,176.3056743,1.412137933
0.75,178.2292418,1.305179365
0.75,179.9356968,1.415202454
0.75,180.2541584,1.460240437
0.75,178.3526794,1.502498839
0.75,176.2063794,1.517298344
0.75,178.2873079,1.436414761
0.75,173.6043229,1.441876677
0.75,172.6144465,1.308730826
0.75,173.3651854,1.269407609
0.75,177.2972933,1.389278418
0.75,176.7587278,1.333509632
0.75,178.9149059,1.153126844
0.75,180.299716,1.429394379
0.75,178.7057961,1.656542957
0.75,173.8075282,1.200197363
0.75,173.1557463,1.18780937
0.75,174.6026658,1.212036265
0.75,170.2882478,1.333299347
0.75,180.3311974,1.232855264
0.75,174.8179742,1.423465072
0.75,178.0983139,1.141337137
0.75,177.0145534,1.503002741
0.75,176.2528984,1.377633154
0.75,174.7850525,1.533190347
0.75,173.3099679,1.159467493
0.75,175.4576189,1.338420989
0.75,176.8068551,1.452065491
0.75,175.8942465,1.318629252
0.75,175.0191298,1.57545547
0.75,172.7453217,1.733337356
0.75,176.4850931,1.332249796
0.75,175.3207078,1.439889906
0.75,174.6974349,1.630309708
0.75,179.8749176,1.273292198
0.75,179.8871025,1.268977068
0.75,173.5308707,1.465622677
0.75,177.3198813,1.478471638
0.75,177.9853697,1.291451079
0.75,178.6488172,1.262517175
0.75,178.6527558,1.31386684
0.75,177.7357393,1.548963972
0.75,176.322848,1.303908465
0.75,177.5028073,1.505672558
0.75,179.8752377,1.517283919
0.75,179.6662971,1.218940236
0.75,178.4708599,1.175029482
0.75,179.1247419,1.428981599
0.75,180.4257196,1.621382207
0.75,173.2401728,1.231217392
0.75,176.0937986,1.319443396
0.75,174.5356011,1.266281794
0.75,174.1444175,1.299474196
0.75,174.2590979,1.583699454
0.75,178.1732775,1.340947375
0.75,183.1271781,1.205448215
0.75,175.48254,1.654580617
0.75,177.8703717,1.367688175
0.75,178.6510386,1.354628336
0.75,172.3015616,1.331722022
0.75,172.0396765,1.519955248
0.75,179.1636561,1.593139045
0.75,180.9769968,1.56300454
0.75,178.5423292,1.143233287
0.75,175.0597225,1.409562206
0.75,177.9705642,1.38062095
0.75,176.9705981,1.635034176
0.75,173.3668051,1.316052502
0.75,177.0904278,1.186988737
0.75,175.0343126,1.494550445
0.75,176.8163674,1.38015533
0.75,175.4468626,1.074424603
0.75,179.230827,1.334921478
0.75,170.8694828,1.243272773
0.75,173.0985133,1.353408527
0.75,178.4211848,1.426962996
0.75,178.77589,1.502244392
0.75,175.8603195,1.303641334
0.75,178.8942093,1.385998025
0.75,174.5773256,1.388151014
0.75,176.1821407,1.353826762
0.75,180.3633736,1.401765763
0.75,180.2239459,1.587141926
0.75,175.4634051,1.372786448
0.75,174.476023,1.400644064
0.75,174.1800697,1.435919399
0.75,176.0325056,1.419720838
0.75,176.1908258,1.396166003
0.75,172.1639912,1.104384081
0.75,180.5666761,1.373383338
0.75,178.0236107,1.526769111
0.75,170.5498541,1.608702076
0.75,180.2109871,1.386118676
0.75,173.4057104,1.322559425
0.75,177.3261012,1.303308696
0.75,176.705804,1.060530458
0.75,175.9789268,1.364088158
0.75,176.4708872,1.314718269
0.75,178.5755332,0.999789975
0.75,179.9235566,1.324422047
0.75,178.2777812,1.677762085
0.75,176.6323698,1.440495741
0.75,179.6357402,1.298289399
0.75,175.5964042,1.319751678
0.75,179.1456632,1.370524591
0.75,174.1812313,1.342627982
0.75,179.4796726,1.622886429
0.75,175.5171663,1.374537724
0.75,171.5064522,1.352876175
0.75,175.1760643,1.423715501
0.75,175.3733548,1.386663857
0.75,173.4253295,0.981852049
0.75,177.0989791,1.627553237
0.75,177.5074329,1.259319393
0.75,176.2242048,1.417818794
0.75,175.5692797,1.574852071
0.75,175.0850048,1.49890314
0.75,180.938557,1.681649554
0.75,176.2696789,1.439395562
0.75,178.6776042,1.66477761
0.75,173.5739912,1.39715748
0.75,173.6468871,1.361791613
0.75,177.0655473,1.51853019
0.75,177.5417352,1.262353451
0.75,175.4717699,1.351267608
0.75,177.4837145,1.224683476
0.75,179.6156271,1.336634912
0.75,173.2466025,1.478108896
0.75,174.2564351,1.339264599
0.75,173.4556045,1.32002144
0.75,175.3858426,1.373929103
0.75,171.9515161,1.198573556
0.75,176.8431946,1.470535646
0.75,176.8481548,1.598842539
0.75,175.0986015,1.44388141
0.75,176.2747199,1.425892609
0.75,175.1254586,1.610853064
0.75,170.8768215,1.373579342
0.75,176.2911127,1.659767142
0.75,179.6567891,1.529767264
0.75,178.9063734,1.250268586
0.75,177.151839,1.304565841
0.75,175.2549602,1.127730316
0.75,177.6765264,1.371347462
0.75,178.6414625,1.149639066
0.75,174.5805317,1.420537015
0.75,175.0833559,1.450657962
0.75,173.2359913,1.437490981
0.75,179.2132761,1.36524189
0.75,176.1603078,1.417201371
0.75,176.8941625,1.419914812
0.75,175.0837798,1.419312455
0.75,176.2740093,1.609018512
0.75,176.3461663,1.241824421
0.75,175.312423,1.350901529
0.75,178.2881182,1.328157488
0.75,179.2459104,1.339863964
0.75,177.4136276,1.161400697
0.75,176.2411591,1.373434991
0.75,174.2232649,1.178913421
0.75,171.4062029,1.260314705
0.75,176.627018,1.463331403
0.75,178.126652,0.937600578
0.75,179.0198462,1.243331087
0.75,180.4742215,1.483193694
0.75,175.4121688,1.304447527
0.75,176.5496777,1.309059131
0.75,179.1087468,1.306491872
0.75,172.5725258,1.503451273
0.75,175.9550102,1.291538602
0.75,173.9611698,1.31088318
0.75,172.4599673,1.448228442
0.75,172.5773842,1.501537568
0.75,178.1164392,1.610228867
0.75,178.1516275,1.416000722
0.75,175.2776398,1.449176711
0.75,176.1327735,1.32695415
0.75,177.1647311,1.255757362
0.75,177.0521556,1.370722267
0.75,176.5979945,1.20126925
0.75,174.6290081,1.17761967
0.75,177.9334695,1.557059681
0.75,174.358435,1.443981164
0.75,178.949272,1.290115232
0.75,177.2981168,1.396114238
0.75,177.3903752,1.222339701
0.75,179.5014847,1.21287231
0.75,181.4092672,1.328134666
0.75,178.2248437,1.306674173
0.75,179.1403392,1.414653755
0.75,181.7960022,1.436649537
0.75,178.0604908,1.317005289
0.75,177.7574959,1.307850612
0.75,179.1596682,1.464289023
0.75,174.6797114,1.248102336
0.75,176.8666167,1.370964858
0.75,177.3614119,1.519122269
0.75,175.1041117,1.275126463
0.75,174.7879882,1.142724352
0.75,178.3304083,1.36303165
0.75,181.8728625,1.312454484
0.75,172.6279627,1.575665264
0.75,173.925053,1.607473958
0.75,177.1417706,1.505166585
0.75,176.7363727,1.570697433
0.75,176.4353729,1.545603537
0.75,176.3048967,1.363058767
0.75,176.1669248,1.415611115
0.75,178.8175949,1.465340174
0.75,174.3050963,1.282248162
0.75,174.9994036,1.459733854
0.75,174.2710327,1.431755392
0.75,176.5242493,1.427132923
0.75,175.8917081,1.458779022
0.75,178.2407112,1.587309413
0.75,173.5637489,1.220578041
0.75,176.6043765,1.298883321
0.75,178.9048464,1.384983659
0.75,176.1310139,1.509238594
0.75,179.7057593,1.620151569
0.75,176.4745751,1.241465253
0.75,174.5079166,1.507466102
0.75,177.6625568,1.646863225
0.75,174.5974436,1.326969005
0.75,172.3370052,1.247454256
0.75,176.098017,1.408599181
0.75,177.6268186,1.18306455
0.75,176.7548698,1.528001686
0.75,175.2438528,1.295948495
0.75,175.2465608,1.400050908
0.75,173.419257,1.328237666
0.75,176.097942,1.281209304
0.75,177.4164295,1.437553315
0.75,172.0062048,1.323765337
0.75,174.9464117,1.350726411
0.75,172.1814654,1.335545035
0.75,172.4474005,1.43981499
0.75,179.2156372,1.667360872
0.75,177.6690829,1.089825357
0.75,180.0172108,1.241434655
0.75,175.6268864,1.375128283
0.75,177.2229647,1.471956757
0.75,181.4487272,1.427319191
0.75,176.327563,1.584450981
0.75,178.8838005,1.392180295
0.75,175.1792659,1.312350401
0.75,179.4850382,1.064559236
0.75,173.1392726,1.515941306
0.75,178.5086096,1.227245842
0.75,172.3247722,1.336324086
0.75,176.7151628,1.304959988
0.75,172.989753,1.539882043
0.75,180.0191867,1.289629461
0.75,175.1789296,1.566220311
0.75,178.4087763,1.483940564
0.75,178.6450921,1.555904528
0.75,177.5374769,1.109120298
0.75,170.5059217,1.553628241
0.75,176.6430358,1.325853399
0.75,173.0718066,1.476310245
0.75,179.6458722,1.261990163
0.75,176.476107,1.235449563
0.75,177.910664,1.553656073
0.75,178.2850456,1.223290043
0.75,178.2633132,1.486073788
0.75,177.5023966,1.294265708
0.75,175.5247519,1.52434719
0.75,174.8643291,1.296309227
0.75,176.8880905,1.468769128
0.75,175.991483,1.488393647
0.75,177.0388847,1.359661057
0.75,178.6609577,1.31094877
0.75,178.2395457,1.278834888
0.75,179.5173303,1.322247671
0.75,173.0292848,1.204498014
0.75,180.042366,1.56822668
0.75,177.9497554,1.340920403
0.75,176.8173036,1.38047545
0.75,179.62221,1.452486941
0.75,177.035695,1.179830959
0.75,176.8330151,1.247674954
0.75,172.7372666,1.383758686
0.75,172.8656189,1.563427144
0.75,180.2269954,1.44080531
0.75,176.8869493,1.384659883
0.75,174.2015926,1.564956279
0.75,177.9984488,1.395354139
0.75,179.9117784,1.576427271
0.75,177.8707097,1.415999938
0.75,176.5411065,1.552328719
0.75,177.5543988,1.460084803
0.75,172.8700887,1.324748256
0.75,176.730206,1.694909581
0.75,175.4854842,1.346868346
0.75,181.3978855,1.179203572
0.75,179.3630236,1.416732938
0.75,179.2628972,1.378813226
0.75,174.2293264,1.26201984
0.75,178.6343387,1.440923145
0.75,173.1316676,1.324297533
0.75,175.6999581,1.482858583
0.75,174.71445,1.407170206
0.75,175.6682623,1.62253905
0.75,176.8746203,1.196710077
0.75,173.2355368,1.306971807
0.75,178.8966935,1.347815
0.75,177.4486831,1.37148432
0.75,177.7870891,1.44493693
0.75,176.4516627,1.652075465
0.75,175.4080307,1.507267961
0.75,179.529656,1.409626447
0.75,177.5699954,1.390765553
0.75,174.5973518,1.367290444
0.75,177.864096,1.442379373
0.75,176.5412447,1.469365762
0.75,174.3321422,1.311076159
0.75,176.9011498,1.733552302
0.75,171.6927046,1.664727242
0.75,179.8950576,1.516505525
0.75,175.2030162,1.500119371
0.75,179.7050736,1.486112171
0.75,176.2442589,1.313954594
0.75,177.4594731,1.202313866
0.75,178.2347487,1.402743845
0.75,172.7159596,1.489426908
0.75,178.9215332,1.357565685
0.75,176.0498962,1.275643443
0.75,176.1699115,1.30397347
0.75,176.5306323,1.389188202
0.75,173.4220925,1.469823761
0.75,178.2912877,1.420981002
0.75,174.7843451,1.262748033
0.75,177.2614253,1.365501471
0.75,178.0114139,1.611643257
0.75,181.9888286,1.399051905
0.75,175.4143407,1.841499759
0.75,177.1589533,1.521590498
0.75,175.0881873,1.260517538
0.75,177.5211783,1.587771787
0.75,177.154656,1.423671379
0.75,173.8107778,1.410267105
0.75,177.5535118,1.479468409
0.75,176.5791963,1.243887174
0.75,179.2164462,1.361900391
0.75,176.0097834,1.60678651
0.75,177.8674542,1.623035731
0.75,178.063998,1.559753226
0.75,179.2645361,1.230925184
0.75,175.4622971,1.655767712
0.75,177.4502817,1.445940256
0.75,178.7715207,1.582236504
0.75,176.0014915,1.450419225
0.75,177.803019,1.46231702
0.75,173.5346947,1.350743963
0.75,173.2478734,1.225728784
0.75,177.4101643,1.055723875
0.75,174.0220656,1.270111983
0.75,178.6217162,1.02554502
0.75,179.5692207,1.367362683
0.75,178.8915556,1.594794339
0.75,170.2835395,1.358412723
0.75,173.8895864,1.29318165
0.75,175.0944123,1.074738564
0.75,175.3601354,1.377187428
0.75,179.149371,1.250702708
0.75,173.5634506,1.06959864
0.75,172.0551905,1.215460585
0.75,174.6996361,1.443302233
0.75,175.440921,1.406268398
0.75,177.4535191,1.373972846
0.75,174.5264527,1.341802921
0.75,178.2071457,1.305563708
0.75,175.9036686,1.23826435
1,177.0554893,2.046938452
1,171.7802408,0.571330823
1,176.1935693,0.783063037
1,172.5111269,1.391769446
1,176.1622126,1.602024016
1,173.1087697,0.57294013
1,173.5634712,1.70010881
1,175.6442537,1.506464121
1,180.4341038,1.376654695
1,176.9696548,1.283146056
1,176.2402665,1.357693285
1,179.0565517,1.531808599
1,176.7850552,0.433164963
1,174.6620948,0.962696709
1,175.0206024,1.378801845
1,177.3711614,1.473065261
1,182.4130636,1.268268116
1,177.7548762,0.857082338
1,180.9975421,0.627565052
1,176.9074464,2.018684748
1,175.0423068,1.508097654
1,176.1809257,1.078258839
1,173.8823457,1.242742013
1,172.8857843,1.593574729
1,173.8454032,1.00809079
1,176.9441533,1.183782614
1,174.8349526,1.418720152
1,179.6159141,1.34503102
1,179.5635125,1.575385034
1,180.9141256,1.239344564
1,177.2145115,1.427783053
1,181.4599349,1.434505438
1,179.4052505,1.684031187
1,177.3111752,1.367036957
1,179.0866278,1.413153774
1,177.1557245,1.430807368
1,172.224675,1.601754506
1,179.3041489,1.523983259
1,174.0884963,1.577591341
1,181.1360198,1.39811071
1,181.9551115,1.084677665
1,180.2583769,1.524250279
1,179.3077182,0.972118306
1,178.4146098,0.859008949
1,177.3461073,1.570495854
1,179.341569,1.299190685
1,175.5957672,1.062978834
1,172.682429,0.785647778
1,178.3231215,1.486389318
1,178.6200861,0.278796254
1,176.3436678,1.664924792
1,175.629244,1.662082143
1,177.815009,0.585915807
1,175.2405287,1.197549324
1,178.8243627,1.423948274
1,181.7712561,1.641242789
1,177.4572675,0.60604515
1,178.2939607,1.969787647
1,178.372887,1.351699794
1,178.9887653,1.416154154
1,177.844463,0.861759397
1,173.7484462,1.856467334
1,174.7456856,1.823628332
1,176.5193689,1.600624902
1,174.9554437,1.427942296
1,174.4319379,1.04750018
1,181.2596065,1.157587619
1,173.8284777,0.826464561
1,178.4090324,0.885682823
1,175.3581504,0.90024254
1,175.6242527,1.196977031
1,178.4289454,0.816335896
1,175.1212422,1.371046288
1,173.2710441,1.22800783
1,175.7118711,1.15205642
1,178.8218504,1.750907208
1,175.1388404,1.665831109
1,176.6601393,0.75608012
1,176.1195586,1.07456725
1,173.7492114,1.343024424
1,176.3532514,1.504561898
1,176.1842753,1.593879819
1,177.5399576,1.942330744
1,181.1422523,0.66237786
1,175.526177,0.928368233
1,178.2471095,1.353487997
1,178.3482426,0.712758754
1,176.6681251,1.129987082
1,178.1194093,0.927480647
1,178.1248085,0.862565908
1,178.2638455,0.736935861
1,178.0934263,1.387126085
1,176.8660512,1.051144415
1,174.7166149,1.025578756
1,176.6354,1.483009736
1,180.2832684,1.277760034
1,177.2191083,1.103806039
1,174.6910281,1.21278092
1,172.5992262,0.814446859
1,173.6091623,1.040109153
1,176.4440402,1.58445834
1,178.2705984,1.368938087
1,174.034566,1.314871527
1,176.7414886,1.740367405
1,177.3174435,0.78275749
1,173.2456524,1.336475273
1,178.4349659,0.929402467
1,179.710124,0.794903673
1,174.6479924,0.942994099
1,178.730238,1.401567064
1,177.4802342,0.736221056
1,177.7604904,1.428962127
1,176.5214269,1.28207717
1,175.2042744,0.766810013
1,178.2218271,1.125581024
1,174.5205836,1.028266368
1,172.9377374,1.325309945
1,180.7125821,0.703611993
1,176.0878629,0.990540317
1,174.9780341,1.346069099
1,177.7191348,1.138587207
1,173.7641531,0.921018654
1,177.7482239,1.183749461
1,180.3750263,0.756700716
1,175.714238,0.714046614
1,176.7069662,1.206362264
1,169.7156494,0.926178648
1,176.3326047,0.95578462
1,182.770037,0.533669644
1,181.0634548,0.602858761
1,174.8821456,1.230024729
1,174.7940627,1.159908861
1,173.0294844,1.409055841
1,175.3555063,1.326245457
1,176.949503,1.298108752
1,172.7682984,1.867324161
1,175.6186944,1.803828156
1,181.0498906,1.075155638
1,176.6517067,0.498068768
1,178.0925878,1.201070069
1,175.3348283,1.326719544
1,177.3414305,1.220812951
1,174.5301226,1.399043574
1,177.6448387,0.900593666
1,176.7365843,1.217411765
1,179.0373751,1.874418285
1,171.9630613,0.71245373
1,177.645715,0.45318322
1,181.3976481,1.024416177
1,176.8152861,0.881200828
1,177.3841665,1.097906788
1,175.319957,0.620340664
1,177.4594438,1.036171377
1,175.2748257,0.570451585
1,178.9039213,2.012642035
1,173.3943447,1.155743234
1,173.0718614,0.1653372
1,174.4833729,1.83610111
1,181.8607291,0.819036545
1,176.7541221,0.68226344
1,176.2485484,1.790510758
1,180.3471809,1.037263904
1,178.6495844,1.080879821
1,178.1653054,1.243353964
1,177.7061623,1.683630949
1,175.5094332,1.92895064
1,175.8680077,1.194006552
1,171.5598948,0.989556931
1,178.8674161,1.256474231
1,173.4277165,0.691336324
1,171.540249,0.706961713
1,184.4001331,1.589530442
1,175.9859866,1.279002748
1,176.7479943,1.033221562
1,177.1746512,0.929795747
1,175.2075952,1.366202084
1,175.8551421,1.283392049
1,180.9764782,1.33115412
1,177.6452119,1.09387968
1,177.234265,1.006132877
1,176.2491387,1.437834527
1,177.5780772,1.045220454
1,179.5704998,1.156974831
1,174.5888641,0.843558816
1,177.9358778,0.721914627
1,179.4098028,1.511895748
1,174.7038461,1.93246542
1,174.2873286,1.105658557
1,177.95365,1.414345403
1,174.675617,0.929019576
1,177.2582949,1.528079527
1,178.3269427,1.140196779
1,173.4746723,1.503248117
1,175.0430885,1.50536113
1,176.7304361,1.045761434
1,177.7969659,1.301327149
1,177.214933,0.875377498
1,170.3895959,1.449267958
1,178.4041273,1.050412131
1,176.7366793,1.16318157
1,179.4682889,1.38096744
1,175.9162722,0.854164938
1,183.313467,1.365451629
1,178.4466928,1.663036724
1,172.2646769,0.872874584
1,179.1942521,1.129892395
1,173.3361984,1.155461572
1,181.7319252,0.669827539
1,178.0436064,1.138957435
1,179.7347483,1.039712243
1,172.3804962,1.048769414
1,180.0247851,0.489924631
1,174.0828325,0.879493706
1,180.3452234,0.763433625
1,175.5382453,1.252859035
1,174.5006661,1.515851055
1,173.603059,1.607565215
1,176.2669763,1.03521419
1,177.1196529,1.570000622
1,180.1446656,0.984299533
1,177.7664232,0.543948709
1,176.9814105,0.566204022
1,178.8442794,1.345696538
1,173.186421,1.710466664
1,179.9082611,0.815293543
1,175.1090553,1.588074123
1,174.8981095,1.590708933
1,172.891172,1.232478154
1,178.1808723,1.151612506
1,176.0889531,1.393648161
1,173.8582686,1.411973426
1,177.8565971,1.334058499
1,175.0616869,0.427005462
1,173.7093271,1.767603817
1,173.0101234,0.829455684
1,177.8824584,1.3619983
1,178.2210889,1.280266685
1,177.870518,0.897050456
1,178.8673776,1.582539943
1,176.5451735,1.71664184
1,174.2049367,1.540473664
1,174.7745006,1.653140115
1,179.7524153,1.276258773
1,170.5489398,1.116609203
1,178.0537417,1.749912385
1,177.6185811,1.697290743
1,174.2733129,0.967056245
1,173.4401489,1.469756403
1,176.2874225,1.155678909
1,179.6432121,1.821804815
1,175.4739623,1.024976412
1,175.9849407,1.000255056
1,175.759165,1.49643279
1,175.2508983,0.985705956
1,174.4848021,1.007287471
1,177.9442468,0.35138504
1,175.4374238,1.049276447
1,178.4732173,1.114896701
1,178.154973,0.833650211
1,178.9595304,1.179800553
1,175.9738318,0.962455854
1,176.4624848,1.865136657
1,178.6575562,2.159214999
1,175.7151111,0.948323742
1,174.4835964,0.741665728
1,173.6026384,1.456856843
1,181.1526802,1.46511217
1,172.5158031,1.81649152
1,177.271566,1.067042466
1,177.2973583,1.327523088
1,174.9578492,1.161176092
1,172.928245,1.556384559
1,180.6546961,1.811340929
1,178.655946,1.52400428
1,175.1801061,1.472581276
1,175.0490713,1.071761897
1,175.9872598,1.526107018
1,175.7854563,1.349537403
1,176.0784661,1.348592424
1,176.4057342,1.052553524
1,176.6231522,1.281674779
1,174.3179294,1.431125125
1,179.0650499,0.712794582
1,173.0358629,1.327577433
1,175.7733716,0.901738402
1,178.0907082,1.271703546
1,178.8279342,1.123976344
1,174.9586136,1.064844424
1,174.2041866,0.836261679
1,176.0830195,1.029491539
1,177.5204085,1.449490746
1,176.9373235,0.935175776
1,176.2102195,1.181343497
1,176.1545762,1.250882335
1,177.1229061,1.349725081
1,178.5125169,1.119367418
1,173.9557312,1.200126292
1,174.3088007,1.029599076
1,179.1705299,1.009306444
1,181.9413617,0.563073509
1,176.1255232,1.505588541
1,167.6433643,1.320192964
1,176.6430711,1.513979536
1,175.8887225,0.845298584
1,176.7972642,1.34830663
1,178.4482157,1.008819256
1,176.2547553,1.100331399
1,175.31812,1.060923782
1,175.7687655,1.632806617
1,174.2452159,1.566507228
1,170.7647519,0.812333844
1,175.7352091,1.263529294
1,179.1327219,1.068884282
1,174.8256057,1.145643918
1,174.4684152,1.109108035
1,173.2652572,1.196607813
1,172.019911,0.883020122
1,176.7949258,1.194211182
1,174.2565261,1.417986131
1,178.7469466,1.135307974
1,176.3921543,0.979093613
1,177.0542315,1.28080351
1,178.4506362,1.69777081
1,176.3729842,1.045891482
1,177.3437257,1.114414838
1,170.5557837,1.346083024
1,173.3505535,0.878034138
1,172.5630622,1.067741624
1,173.846442,0.765762303
1,170.4210722,1.10744904
1,174.1324941,1.427653573
1,178.4940554,0.858611806
1,171.8603005,1.197005358
1,177.4552638,1.486987077
1,175.9807448,0.867610045
1,174.1753713,1.265442778
1,177.86089,1.411719896
1,174.5223721,1.515189319
1,178.2346581,1.16748828
1,175.7220859,1.487722509
1,179.9594228,1.661222097
1,175.271962,1.162421389
1,177.2439378,1.5661675
1,178.4439737,1.457791518
1,177.4351219,0.979583179
1,178.0570851,1.422621384
1,180.5092314,0.829328592
1,178.0633134,1.464692297
1,175.9480444,1.168371871
1,177.1248311,1.726401871
1,171.9602794,0.879914408
1,177.8809586,1.003008425
1,181.6973026,0.806847095
1,175.3210935,1.940621737
1,176.0757858,1.204781748
1,181.0748141,1.480701306
1,177.5774074,1.325290215
1,170.8858626,1.109218629
1,172.7414777,1.811943319
1,175.4511962,0.478501076
1,172.0720669,0.575805976
1,175.8201418,1.427207789
1,176.7743712,1.603847515
1,177.6055761,1.150277423
1,173.4658711,0.738599672
1,173.9493737,2.147260658
1,178.3109363,1.687770618
1,177.9612913,1.769785745
1,174.6351489,1.213568658
1,177.3653398,0.975115386
1,179.1073195,1.256794749
1,178.2751491,0.979621288
1,173.3246645,1.431521149
1,175.0290157,1.153134433
1,177.892065,1.490190217
1,180.7814461,0.979431222
1,180.6239505,1.163464991
1,173.7353118,1.212044555
1,174.3369815,1.15392842
1,176.1196805,0.784178499
1,174.4308606,2.233058288
1,178.1574367,1.262605517
1,178.9552408,1.222919315
1,174.4314756,1.206555591
1,172.4639048,0.966048701
1,174.1184263,1.182805524
1,180.9961485,1.576017623
1,174.4168612,0.998782763
1,178.5499374,0.941258224
1,176.8757664,0.755237525
1,180.5460089,1.051916283
1,177.4559917,1.543972005
1,174.8013485,0.722850607
1,178.7598169,1.14207058
1,176.5309781,1.39278391
1,173.561435,0.376380123
1,176.0851836,1.368575718
1,173.6568193,1.218550723
1,179.4582968,1.699985132
1,174.9045778,1.14347533
1,173.7999762,1.409727085
1,175.3906513,0.966067566
1,176.1934245,0.925699263
1,178.979603,1.026879854
1,171.4921111,1.230985456
1,176.2342313,1.426700322
1,180.1145746,1.459470781
1,183.4140548,1.33199758
1,174.2057134,0.626806827
1,176.390716,1.656278015
1,169.4373346,1.369927353
1,172.2466583,1.002404324
1,178.7413811,1.025512815
1,181.0586981,1.669486358
1,173.8230739,0.948030708
1,181.3618199,1.061875282
1,181.077742,1.03007942
1,176.1397792,0.736098407
1,177.6306647,1.231923235
1,174.7953331,1.303049872
1,173.7379422,1.521219759
1,175.2270807,1.653136514
1,175.8109332,1.208028526
1,178.7886404,1.380063419
1,174.1185382,1.386824659
1,174.7671857,1.393326002
1,176.7650509,0.934007815
1,174.6153819,0.968133988
1,179.1007983,1.425500071
1,177.1661641,0.972169549
1,174.6514608,0.861985248
1,177.9635775,0.908886554
1,176.3050164,1.321921829
1,173.710867,1.325578722
1,178.8132814,1.323536331
1,176.8350753,0.884771391
1,177.2740285,1.300085974
1,172.491495,1.164705366
1,177.4902912,1.077534949
1,179.2724036,1.45691224
1,177.5749549,0.746039693
1,172.6777403,1.480940923
1,174.3582068,1.060656905
1,176.5331937,1.037550561
1,173.8806024,1.384506419
1,177.1411176,1.635580233
1,177.6607636,1.094620309
1,175.0960947,1.054965238
1,175.6425395,1.133360428
1,174.1400762,1.059197944
1,174.5073025,1.044198771
1,176.1172258,1.211014631
1,174.9662615,0.448633173
1,178.122233,1.544441419
1,178.5636312,1.897913359
1,175.489027,0.63184991
1,175.119905,0.470176015
1,175.4306841,0.531561069
1,175.0419303,0.604978501
1,174.0143259,1.170265536
1,177.7084418,1.285110536
1,174.9342421,1.158743874
1,179.3986414,1.551563374
1,173.1769401,1.615220504
1,176.6500556,1.614313414
1,174.7929593,0.976416084
1,177.3049139,1.645468098
1,177.7467273,0.923118055
1,177.8318847,1.626687996
1,182.5116095,1.23202251
1,174.7671291,1.54607629
1,177.1498173,1.690323601
1,178.3812692,0.848438633
1,174.5127458,1.226680034
1,173.9618738,1.23159648
1,173.8327253,0.770977816
1,173.5688837,0.899202269
1,174.3914292,1.630405475
1,175.9451386,0.90058117
1,177.4629996,1.526025333
1,171.1506712,0.730934895
1,172.8768774,1.882328331
1,174.7752416,1.04450521
1,178.0402092,1.667315476
1,179.6385342,1.34240158
1,173.5832849,0.804318878
1,180.3858759,1.038058915
1,183.7039236,1.630865779
1,178.2001223,0.542587957
1,174.4236523,1.538417428
1,179.8417706,1.279240721
1,180.0371666,1.075976645
1,174.9555216,1.778667085
1,176.6802885,1.334434884
1,178.5253807,1.81768176
1,178.5520448,1.327347212
1,173.4346455,0.943751897
1,176.2640894,0.826197949
1,176.0266521,1.198552995
1,179.514796,1.090777137
1.25,174.9882982,1.26115728
1.25,177.7355187,1.09548016
1.25,173.7712401,0.662496403
1.25,176.0450896,1.148996618
1.25,173.4728254,1.367240164
1.25,172.5868858,0.813163906
1.25,175.1172407,1.348356943
1.25,175.4737692,1.30215024
1.25,176.8728476,1.096879019
1.25,174.2527169,0.524589176
1.25,177.2187334,0.79523297
1.25,175.6328043,0.825477991
1.25,175.4350715,1.061911269
1.25,177.7794107,1.901194814
1.25,177.9266846,1.222368756
1.25,176.4627771,1.156036051
1.25,180.0697847,1.255365201
1.25,175.6263599,1.107105989
1.25,176.5652433,1.63335155
1.25,173.2146888,1.12170998
1.25,176.928378,1.487687201
1.25,173.6360691,1.284732557
1.25,177.8782027,1.221986281
1.25,174.1573969,0.597164901
1.25,175.5628989,1.428001266
1.25,174.1508972,0.896650961
1.25,178.6170269,0.953617969
1.25,174.7903004,1.62557531
1.25,174.2231445,0.646194611
1.25,178.6315116,0.231937942
1.25,180.524355,0.633005948
1.25,176.3958926,1.41559869
1.25,177.5405488,1.091308443
1.25,174.5635008,0.923886146
1.25,177.6414128,1.712505834
1.25,175.6119328,0.998825787
1.25,172.8914558,1.26074519
1.25,176.6216224,1.068611415
1.25,176.1945636,1.490717009
1.25,171.5642733,1.495352372
1.25,175.3664789,1.468624285
1.25,177.8910321,1.968575792
1.25,179.1406701,0.384877091
1.25,175.2239968,1.089970558
1.25,174.9192797,1.216831632
1.25,176.0709289,0.948058267
1.25,174.5870401,1.699163035
1.25,175.2226176,0.382024628
1.25,179.7103518,0.981990823
1.25,174.1061855,1.130463823
1.25,177.1073125,1.635127536
1.25,175.3736562,0.628615665
1.25,178.4745675,1.219766387
1.25,174.2769814,0.910051955
1.25,179.8283266,0.97994889
1.25,176.9225645,0.797768446
1.25,178.378111,0.604434933
1.25,172.6976517,1.94965773
1.25,179.1513678,1.131748497
1.25,180.9943939,0.80044962
1.25,174.7143384,1.044395993
1.25,177.19592,0.89245438
1.25,175.1315026,1.34445034
1.25,172.56789,0.473232437
1.25,172.2962341,0.593353847
1.25,174.628147,1.731314933
1.25,173.7477757,0.90524274
1.25,178.6207775,1.724598152
1.25,177.7387237,0.568132997
1.25,175.6289847,0.544548363
1.25,178.1882072,1.354601521
1.25,172.2029516,1.25931517
1.25,176.6824596,1.558084615
1.25,175.1991838,1.273567359
1.25,176.5612901,1.172270851
1.25,179.9569587,1.555496289
1.25,175.9967991,0.455648962
1.25,173.6696418,1.27534871
1.25,175.5461969,1.20536993
1.25,175.6056939,0.652175299
1.25,177.4253982,1.732301939
1.25,176.5015941,0.970157632
1.25,177.6816999,0.870585023
1.25,176.0138452,0.988473484
1.25,173.9493651,1.619941396
1.25,175.9293654,1.463263566
1.25,176.3101409,1.206797107
1.25,177.7589897,1.036515614
1.25,175.9315478,1.628241279
1.25,177.5419427,1.215464213
1.25,178.7751353,1.450891836
1.25,173.3118134,1.650907161
1.25,180.0963658,1.234288739
1.25,173.9580852,0.841462022
1.25,176.6887608,0.846822134
1.25,173.9884848,0.819419504
1.25,177.6103371,0.388705309
1.25,173.6737313,2.145653058
1.25,175.4791792,0.781207574
1.25,179.8660868,1.346690565
1.25,170.2977427,0.757502482
1.25,170.4367947,1.429065769
1.25,178.0430062,0.861765735
1.25,177.2505682,0.950998142
1.25,178.2733575,1.194915747
1.25,171.6614615,1.369472923
1.25,177.3926898,1.73631789
1.25,180.7376338,1.037361063
1.25,175.9972228,1.08608453
1.25,177.0778775,1.309326565
1.25,175.2834565,1.068370784
1.25,174.5626289,1.166559981
1.25,172.7714973,0.998377015
1.25,178.4485091,1.401427842
1.25,178.4994536,1.490397644
1.25,174.5645424,1.187908504
1.25,177.4398204,0.648595019
1.25,178.8825981,1.445508169
1.25,174.9596569,1.39884336
1.25,174.8899558,0.916427159
1.25,175.3992706,1.181710884
1.25,180.3318339,0.944159314
1.25,177.3540819,0.843920928
1.25,175.0512301,0.16792037
1.25,173.5302253,0.886206918
1.25,179.3323323,1.151965921
1.25,176.1704724,0.88309285
1.25,178.0739207,1.142121161
1.25,175.0115608,1.260122393
1.25,177.1188814,1.829163043
1.25,178.0428083,1.37913619
1.25,175.090539,0.728440861
1.25,177.6142553,1.175069787
1.25,173.3137805,1.427902973
1.25,179.1833985,1.015949859
1.25,175.0774175,0.974054207
1.25,175.595979,1.064250946
1.25,179.7504908,1.506492869
1.25,174.3939211,0.424565704
1.25,179.3616722,1.437766915
1.25,174.1552048,1.391432458
1.25,176.5785126,1.5407343
1.25,176.8904881,1.156252729
1.25,175.7069504,1.626008302
1.25,174.4761605,2.133103691
1.25,174.218247,0.99395152
1.25,171.8814719,0.879532476
1.25,173.0257762,0.980410638
1.25,179.1104922,1.086980372
1.25,176.6163926,1.048174731
1.25,172.2738492,0.843238918
1.25,176.9169183,1.236370592
1.25,177.5309895,1.655094548
1.25,175.1715619,0.859407057
1.25,175.8833785,1.185120902
1.25,176.6697914,1.189243135
1.25,173.8247796,1.590051006
1.25,175.8858903,0.988942193
1.25,171.5722923,1.077451231
1.25,177.7365538,1.540086095
1.25,175.2617433,1.414142837
1.25,178.7963678,1.280242466
1.25,176.8301636,1.590650502
1.25,178.1192944,1.035951449
1.25,174.633426,1.04419045
1.25,180.2445584,1.071094074
1.25,176.3194467,0.714472885
1.25,175.0692579,0.807821279
1.25,176.5113745,0.698331175
1.25,177.1602302,1.113755537
1.25,176.9342572,1.244676787
1.25,178.4660348,1.63286782
1.25,176.4219502,1.712692906
1.25,175.2032209,1.704119221
1.25,174.8152035,1.547631138
1.25,173.4670368,0.883470907
1.25,173.4910042,1.313565533
1.25,176.461541,0.893865328
1.25,174.8534409,0.957120974
1.25,175.6034125,0.913392679
1.25,176.1464989,1.877387667
1.25,177.7351497,1.170963633
1.25,174.3257559,0.806920812
1.25,178.8233559,1.263883591
1.25,175.4451096,0.93422158
1.25,177.9735734,0.968170489
1.25,177.9686793,1.180342866
1.25,171.2521096,1.107824952
1.25,178.0264544,1.278384958
1.25,172.5010475,1.172426193
1.25,172.6925748,1.458624042
1.25,172.7128366,1.533853279
1.25,179.2393719,1.667256356
1.25,177.5936024,0.772781081
1.25,175.0440504,1.588591236
1.25,174.4065275,1.556607311
1.25,175.1274729,1.555469006
1.25,181.3764326,1.55703267
1.25,179.2126333,1.697740962
1.25,179.1646403,0.707481332
1.25,179.8073131,1.169525599
1.25,177.4678144,1.241248944
1.25,177.8172941,1.639303934
1.25,175.9871154,1.19243583
1.25,174.3640991,0.897316944
1.25,173.9872065,0.840750986
1.25,174.0336123,1.460575731
1.25,173.6453863,1.735865521
1.25,175.8887479,0.934337987
1.25,178.8823335,1.065986127
1.25,173.9056857,1.37259121
1.25,176.3453134,1.267799942
1.25,175.7132184,1.062562035
1.25,176.4091725,1.101314333
1.25,176.6327852,0.517426917
1.25,176.8236834,1.212717542
1.25,173.999169,1.347929025
1.25,176.033507,1.006322351
1.25,175.6116428,0.904744006
1.25,176.7689963,1.368106267
1.25,180.6756636,0.705225552
1.25,173.7681541,0.716493527
1.25,178.4346785,0.761824759
1.25,179.7630357,1.464306047
1.25,181.3415973,1.489520135
1.25,176.6198722,1.37517501
1.25,173.4188268,1.58988661
1.25,174.0843622,1.318216471
1.25,178.6388872,1.189707334
1.25,174.8199708,1.053480762
1.25,174.8326859,0.513814027
1.25,173.688688,1.259897615
1.25,180.4130561,1.290793134
1.25,178.0535675,1.407451408
1.25,174.0764345,1.172029416
1.25,173.4059573,0.919383619
1.25,178.2274457,0.878760227
1.25,173.9138547,0.941661911
1.25,174.2707932,1.878484252
1.25,173.6375716,1.456340101
1.25,175.7064223,1.394474352
1.25,177.6994913,1.928326942
1.25,178.6666688,0.845681363
1.25,176.7383376,1.170792896
1.25,178.5624505,1.22381197
1.25,172.5475774,1.23330551
1.25,179.5875882,1.369262834
1.25,175.7559189,1.262662582
1.25,175.3657056,1.827949158
1.25,182.4802678,0.76901735
1.25,176.9632457,0.585389114
1.25,171.664884,0.843364824
1.25,175.5337461,0.940422833
1.25,178.225597,0.751083178
1.25,174.8795481,1.590341647
1.25,173.9483561,1.088419999
1.25,178.2177916,2.039510873
1.25,174.6560432,1.514962555
1.25,181.0812818,1.052644742
1.25,180.1700784,1.389818514
1.25,173.3821009,1.499532424
1.25,176.2113673,1.563437049
1.25,174.8964317,0.717348313
1.25,175.4508468,1.235261516
1.25,175.316435,0.958400799
1.25,177.431432,1.649240918
1.25,175.5521806,0.577990596
1.25,173.1393055,0.988473382
1.25,177.9215824,0.657244747
1.25,170.3559035,1.380884856
1.25,176.3487733,0.582243392
1.25,175.6517195,0.99575795
1.25,173.3161249,1.299229628
1.25,175.5786313,1.309367721
1.25,175.683166,1.646851934
1.25,175.6684393,1.496109296
1.25,174.2495795,0.412887814
1.25,179.9546741,0.817627351
1.25,172.2525793,0.734408072
1.25,179.0882501,1.267358996
1.25,177.9285098,0.925599175
1.25,175.4776691,1.5076228
1.25,173.3170619,1.513503058
1.25,179.3065952,0.124699938
1.25,172.1738017,1.350691414
1.25,171.7946359,1.108935635
1.25,177.7858899,1.325471366
1.25,174.3810728,0.920107137
1.25,182.5734753,0.809620605
1.25,178.3942718,1.087932779
1.25,179.272176,1.672960255
1.25,178.8027953,1.557818131
1.25,174.2485476,1.172356692
1.25,174.8790532,1.690159403
1.25,176.0919346,1.102230457
1.25,176.926035,1.093742585
1.25,178.3280724,1.470339227
1.25,179.7805977,0.781972296
1.25,175.6660336,1.55398013
1.25,177.0330533,0.896128037
1.25,175.5256864,0.892257101
1.25,176.0020128,0.921644607
1.25,175.9385467,0.885915979
1.25,175.7615166,0.96214941
1.25,171.3794114,0.68852282
1.25,176.0089261,1.358841397
1.25,169.9195614,1.196216379
1.25,175.4761342,0.465882312
1.25,177.87484,1.616202767
1.25,175.249524,1.52972234
1.25,178.0935676,0.779484868
1.25,179.0937031,1.113670544
1.25,179.0128662,0.696393825
1.25,173.9620389,1.138264777
1.25,174.7859083,1.198403628
1.25,174.5408317,2.144437449
1.25,174.384523,1.003948033
1.25,174.1437914,1.217035414
1.25,175.3584487,1.093962377
1.25,176.2011395,1.126136754
1.25,176.5845497,1.879906699
1.25,179.4297643,1.207933238
1.25,176.1950943,1.156745943
1.25,182.0666216,1.023448489
1.25,174.374747,1.487887429
1.25,174.9768052,0.534762726
1.25,176.9449475,1.401157551
1.25,178.8522705,1.868341203
1.25,176.092431,0.603549115
1.25,177.4345377,1.566283582
1.25,174.7100287,1.309875965
1.25,175.0200755,1.37564646
1.25,172.135342,1.01981703
1.25,175.6601029,0.989080752
1.25,174.8087183,1.26540675
1.25,174.4293797,0.355511968
1.25,177.3874953,1.010749774
1.25,178.6699415,1.317812007
1.25,174.1669171,1.324901359
1.25,172.0284568,1.164296503
1.25,170.8110114,1.069063159
1.25,177.2862464,1.473676736
1.25,178.792159,1.237402815
1.25,173.4354003,1.322328013
1.25,179.5602042,1.085639608
1.25,171.4068517,1.04570109
1.25,177.2672233,1.272199338
1.25,176.0625178,0.71338321
1.25,177.8004484,1.218243715
1.25,175.1909285,1.110370644
1.25,176.3354813,1.079394082
1.25,175.9125855,1.322388986
1.25,179.5877931,1.427962891
1.25,175.1773908,0.657771517
1.25,174.9427265,0.575296257
1.25,179.0092492,1.185010976
1.25,174.6013286,1.392927193
1.25,174.9806478,1.472547042
1.25,177.592926,0.775686247
1.25,175.4224705,0.493202051
1.25,177.2531789,1.310339454
1.25,176.9327269,1.348297997
1.25,178.421953,1.816564498
1.25,179.4405852,1.34131358
1.25,176.3928577,1.392567705
1.25,174.8477478,1.480820999
1.25,173.8539732,0.478790632
1.25,175.6647164,1.270535698
1.25,174.6576011,1.39866778
1.25,177.7100169,1.276301097
1.25,177.780216,1.101420584
1.25,176.6488579,0.574494494
1.25,176.1591614,1.072566289
1.25,178.726306,1.307391055
1.25,176.455321,1.361518672
1.25,179.3638092,0.821075453
1.25,177.3517768,0.940900851
1.25,175.0626506,1.453885589
1.25,177.9082107,2.258650256
1.25,178.5475867,0.877901638
1.25,176.6152606,0.409258013
1.25,173.6159729,1.457205937
1.25,175.567791,0.711629934
1.25,177.798359,0.656918257
1.25,181.1618153,1.705151689
1.25,177.780784,1.046266904
1.25,176.6553541,1.275915836
1.25,178.3642603,1.169053454
1.25,177.9718171,1.004583502
1.25,174.794643,0.777601681
1.25,174.4551069,0.910041656
1.25,175.5822478,1.105703823
1.25,175.1593657,0.481894912
1.25,176.5315497,1.762136158
1.25,178.1479342,1.158636354
1.25,175.935045,1.095153817
1.25,176.4373647,1.146095344
1.25,177.4857764,0.901315346
1.25,175.9013985,2.097807375
1.25,173.5492638,1.364702065
1.25,175.833678,1.561930566
1.25,176.2318611,1.249725325
1.25,174.5365575,1.665533324
1.25,175.6894219,1.286257083
1.25,177.8422745,0.568857193
1.25,177.0614447,1.269160931
1.25,175.8248223,1.459122817
1.25,181.889364,1.935916089
1.25,178.1573298,0.526833643
1.25,176.5235877,1.658162687
1.25,177.2003733,1.929767655
1.25,178.3174697,1.188385626
1.25,176.2959552,0.757431511
1.25,174.4977872,1.21129929
1.25,177.2791505,1.465181524
1.25,177.2615822,1.279412806
1.25,178.3735144,0.892953305
1.25,176.9646651,1.728981661
1.25,175.8875686,1.316303621
1.25,173.8761093,0.850793108
1.25,178.7997493,1.041781012
1.25,170.52796,1.615485992
1.25,177.5596768,1.169190378
1.25,179.1941565,1.215834053
1.25,180.5531499,1.524509641
1.25,176.5195803,1.175172637
1.25,176.2792512,0.954460363
1.25,170.3944747,1.300912051
1.25,177.1598282,0.610176585
1.25,175.8577371,1.089635725
1.25,175.2361986,1.296168788
1.25,178.2992715,0.921697108
1.25,176.1150111,0.802601881
1.25,177.5278983,1.598321203
1.25,179.3100057,1.430908712
1.25,176.007263,0.984321556
1.25,176.2591942,0.982307314
1.25,176.1869486,0.808031386
1.25,177.7601926,1.089632723
1.25,177.8806676,1.452240492
1.25,173.4063935,0.737585256
1.25,177.5999206,0.370535024
1.25,175.6212625,1.094161566
1.25,174.4871979,1.114150201
1.25,175.117355,0.808119475
1.25,177.1560652,0.840791113
1.25,179.9316875,0.346204903
1.25,175.2995143,0.834290666
1.25,177.478709,1.16307117
1.25,179.3732209,1.064938481
1.25,176.3423156,0.953895189
1.25,175.6185013,0.943162979
1.25,178.3922851,0.629608383
1.25,175.6691869,0.941677433
1.25,174.9049658,0.931581105
1.25,176.9552009,1.07764081
1.25,176.5502326,0.412942951
1.25,177.6345558,0.620231478
1.25,176.6195544,1.52780671
1.25,178.4514183,0.995617894
1.25,176.377252,1.059005569
1.25,174.8918012,1.042451053
1.25,175.1204126,1.471882051
1.25,173.7640981,0.865343167
1.25,177.5671025,1.094963739
1.25,176.1017063,0.718270871
1.25,176.819021,1.003417744
1.25,179.1513327,1.109190623
1.25,174.7067034,1.152548521
1.25,173.9818339,1.588654169
1.25,177.3125877,0.926113944
1.25,176.7644957,1.075836639
1.25,175.9620238,1.131714703
1.25,175.7002432,1.486551572
1.25,179.6780368,0.960396839
1.25,177.6510217,0.902820614
1.25,177.8635603,1.555344588
1.25,177.8740511,0.791950818
1.25,178.2882211,0.924846724
1.25,177.1425002,1.181831821
1.25,176.9104582,0.843839879
1.25,173.7642719,0.718739398
1.25,178.4583663,1.353899933
1.25,176.0391905,1.31465412
1.25,175.8592414,1.521178257
1.25,177.347171,0.941823734
1.25,177.1317554,0.781793238
1.25,177.9202919,1.053617057
1.25,178.5891255,1.088695227
1.25,178.4066361,1.51388486
1.25,174.9565836,1.101518786
1.25,180.2397171,1.044447751
1.25,175.71371,0.893440567
1.25,177.758797,0.882229677
1.25,175.963168,1.174915336
1.25,173.8240097,0.999647636
1.25,181.5292877,1.040628603
1.25,176.040175,1.388530681
1.25,176.8980995,0.891312043
1.25,175.6523369,0.887211022
