0.6947,5.7734
0.6667,5.8032
0.6505,5.8372
0.6575,5.8500
0.6578,5.8803
0.6506,5.9103
0.6358,5.9445
0.5812,6.0012
0.5065,6.0586
0.4471,6.0808
0.4051,6.0810
0.3806,6.0513
0.3113,6.0586
0.2789,6.0914
0.2610,6.1010
0.2376,6.1049
0.2172,6.0982
0.2082,6.0897
0.2211,6.0897
0.2522,6.0826
0.2842,6.0595
0.3095,6.0388
0.3224,6.0358
0.3537,6.0233
0.3785,6.0262
0.4085,6.0615
0.4304,6.0698
0.4889,6.0436
0.5064,6.0336
0.5750,5.9919
0.5942,5.9732
0.6178,5.9424
0.6427,5.8846
0.6395,5.8455
0.6637,5.7599
0.4647,5.7642
0.4058,5.7703
0.3833,5.7742
0.3626,5.7779
0.3097,5.7764
0.2558,5.7578
0.1383,5.7122
0.0692,5.6690
0.0364,5.6290
-0.0692,5.5781
-0.2100,5.5283
-0.2663,5.5112
-0.2994,5.5039
-0.3579,5.4931
-0.4283,5.4369
-0.4851,5.3749
-0.5342,5.3542
-0.5794,5.3517
-0.6497,5.3275
-0.6942,5.3051
-0.7107,5.2904
-0.7293,5.2681
-0.7981,5.2078
-0.9000,5.2003
-0.9829,5.1961
-1.0444,5.1979
-1.0668,5.1944
-1.1292,5.1631
-1.1597,5.1389
-1.1792,5.1244
-1.2117,5.1092
-1.2606,5.0921
-1.3008,5.0900
-1.4156,5.0653
-1.5364,5.0350
-1.5688,5.0194
-1.5951,5.0242
-1.6196,5.0168
-1.7103,4.9280
-1.7364,4.9136
-1.9558,4.7686
-2.0589,4.7308
-2.0868,4.7271
-2.1042,4.7472
-2.2572,4.8769
-2.2801,4.8918
-2.3300,4.9139
-2.3519,4.9194
-2.3813,4.9246
-2.4358,4.9319
-2.5042,4.9464
-2.5486,4.9569
-2.5867,4.9669
-2.7300,5.0064
-2.8428,5.0231
-2.8658,5.0275
-2.9775,5.0499
-3.0394,5.0637
-3.0728,5.0747
-3.1030,5.0850
-3.1486,5.0958
-3.1683,5.1172
-3.1023,5.1095
-3.0417,5.1072
-2.9756,5.0831
-2.9281,5.1002
-2.9322,5.1151
-2.8958,5.1328
-2.8753,5.1394
-2.8480,5.1468
-2.8631,5.1828
-2.9297,5.1683
-3.0061,5.1289
-3.1361,5.1422
-3.1979,5.2074
-3.1975,5.2353
-3.1714,5.2761
-3.1321,5.3155
-3.1258,5.3469
-3.1402,5.3643
-3.2261,5.3575
-3.2576,5.3323
-3.2603,5.2781
-3.2650,5.2264
-3.2785,5.1378
-3.2980,5.1192
-3.3501,5.1174
-3.3989,5.1236
-3.4264,5.1306
-3.4543,5.1401
-3.5125,5.1475
-3.5501,5.1513
-3.6703,5.1750
-3.7567,5.1911
-3.7968,5.1916
-3.9522,5.2303
-3.9783,5.2383
-4.0035,5.2567
-3.9378,5.2717
-3.8892,5.2694
-3.8453,5.2650
-3.7811,5.2581
-3.7347,5.2592
-3.7147,5.2785
-3.7544,5.3533
-3.7714,5.3706
-3.8117,5.3726
-3.8056,5.3515
-3.7751,5.3268
-3.7388,5.2760
-3.7958,5.2725
-3.8486,5.2967
-3.9114,5.3200
-4.0603,5.2967
-4.3233,5.3031
-4.4681,5.2956
-4.4813,5.2784
-4.5125,5.2572
-4.6054,5.2389
-4.7417,5.2247
-4.7985,5.2122
-4.8008,5.2097
-4.8075,5.1765
-4.7873,5.1683
-4.7364,5.1975
-4.7144,5.2028
-4.5560,5.2214
-4.5106,5.2231
-4.4708,5.2203
-4.4464,5.2178
-4.4056,5.2222
-4.2917,5.2422
-4.2256,5.2557
-4.1464,5.2772
-4.1261,5.2772
-4.0932,5.2772
-4.0403,5.2745
-4.0057,5.2310
-4.1957,5.2040
-4.2378,5.2019
-4.2647,5.2014
-4.3497,5.1975
-4.6303,5.1769
-4.6626,5.1686
-4.7139,5.1525
-4.7533,5.1444
-4.7781,5.1417
-4.7877,5.1421
-4.7914,5.1408
-4.8397,5.1347
-4.8939,5.1286
-4.9458,5.1286
-4.9792,5.1318
-5.0084,5.1630
-4.9987,5.2080
-5.0267,5.2147
-5.0699,5.2019
-5.1098,5.1839
-5.1640,5.2074
-5.1958,5.2167
-5.2289,5.2147
-5.2610,5.2109
-5.2717,5.2158
-5.3229,5.2290
-5.3408,5.2014
-5.3397,5.1978
-5.3198,5.1906
-5.3030,5.1961
-5.2981,5.1911
-5.3036,5.1807
-5.3531,5.1485
-5.3950,5.1686
-5.4110,5.1542
-5.3605,5.1185
-5.2791,5.1254
-5.2403,5.1594
-5.2304,5.1992
-5.1669,5.1956
-5.1338,5.1704
-5.0997,5.1645
-5.0754,5.1856
-5.0503,5.1885
-5.0289,5.1792
-5.0142,5.1252
-5.3347,5.1006
-5.3803,5.0983
-5.4003,5.0978
-5.4284,5.0983
-5.4831,5.0914
-5.8211,5.0389
-5.8595,5.0306
-5.8975,5.0201
-5.9589,4.9975
-6.0577,4.9589
-6.0768,4.9421
-6.2150,4.8778
-6.2498,4.8684
-6.2697,4.8639
-6.3167,4.8506
-6.4064,4.8236
-6.5556,4.7689
-6.5792,4.7582
-6.5992,4.7372
-6.6189,4.7228
-6.7094,4.6914
-6.7464,4.6837
-6.7886,4.6842
-6.8256,4.6797
-6.8714,4.6700
-6.9082,4.6572
-6.9234,4.6332
-7.0382,4.5447
-7.0717,4.5300
-7.1340,4.5176
-7.1946,4.5150
-7.2067,4.5086
-7.3011,4.4525
-7.3819,4.3935
-7.4182,4.3581
-7.4364,4.3492
-7.4697,4.3447
-7.4978,4.3472
-7.5254,4.3528
-7.5377,4.3495
-7.6039,4.3436
-7.7134,4.3570
-7.7767,4.3878
-7.8167,4.4239
-7.8453,4.4528
-7.8869,4.4756
-7.9463,4.5009
-8.0856,4.5411
-8.1838,4.5618
-8.2422,4.5708
-8.3378,4.6433
-8.5381,4.7497
-8.6339,4.7967
-8.6743,4.8124
-8.7094,4.8167
-8.7247,4.8314
-8.8522,4.9144
-8.8753,4.9258
-9.0303,4.9962
-9.0583,5.0047
-9.1428,5.0556
-9.2389,5.1228
-9.3528,5.2108
-9.4078,5.2564
-9.4204,5.2709
-9.4336,5.2853
-9.4594,5.3142
-9.4817,5.3399
-9.5456,5.4197
-9.5932,5.4783
-9.7333,5.5739
-9.7794,5.6065
-10.0466,5.8604
-10.0953,5.9269
-10.2410,6.0549
-10.2664,6.0703
-10.3150,6.0831
-10.3426,6.0926
-10.3661,6.1137
-10.3668,6.1524
-10.3719,6.1622
-10.4513,6.2027
-10.4522,6.1708
-10.6008,6.2100
-10.6380,6.2180
-10.6564,6.2225
-10.6917,6.2344
-10.7642,6.2711
-10.8101,6.3094
-10.7928,6.3764
-10.8061,6.4030
-10.8122,6.4164
-10.8286,6.4414
-10.8492,6.4619
-10.8713,6.4810
-10.8961,6.4972
-10.9700,6.5378
-11.0759,6.5873
-11.3512,6.6945
-11.3831,6.7387
-11.3714,6.7694
-11.3645,6.7962
-11.3813,6.8321
-11.4633,6.9081
-11.4923,6.9271
-11.5325,6.9411
-11.5735,6.9613
-11.6425,7.0200
-11.6664,7.0375
-11.7358,7.0842
-11.8200,7.1367
-11.8417,7.1478
-11.8906,7.1669
-12.3208,7.3253
-12.3808,7.3467
-12.4417,7.3675
-12.4664,7.3733
-12.5042,7.3886
-12.4950,7.4499
-12.4697,7.4894
-12.4353,7.5254
-12.3983,7.5319
-12.3597,7.5317
-12.3110,7.5274
-12.2303,7.5514
-12.1946,7.5708
-12.1843,7.5910
-12.2510,7.6086
-12.2663,7.5844
-12.2931,7.5728
-12.3921,7.5442
-12.4328,7.5500
-12.4606,7.5554
-12.5364,7.6375
-12.5943,7.6812
-12.6922,7.7014
-12.7661,7.7400
-12.8703,7.8178
-12.9590,7.9033
-12.8900,7.9351
-12.8861,7.9642
-12.9081,8.1000
-12.9481,8.1599
-12.9765,8.1797
-12.9869,8.2128
-12.9808,8.2336
-12.9743,8.2478
-13.0067,8.2333
-13.1328,8.1950
-13.1550,8.2142
-13.2156,8.3406
-13.2781,8.4236
-13.2850,8.4976
-13.1978,8.4936
-13.1756,8.4744
-13.1494,8.4398
-13.0559,8.3696
-13.0392,8.3737
-13.0360,8.3776
-13.0656,8.4058
-13.0957,8.4217
-13.1225,8.4475
-13.0956,8.4853
-13.0144,8.5564
-12.9894,8.5600
-12.9300,8.5512
-12.8975,8.5678
-12.9379,8.5892
-13.0350,8.5867
-13.1039,8.5749
-13.1490,8.5156
-13.1792,8.5394
-13.1894,8.5569
-13.2406,8.6653
-13.2425,8.7839
-13.2373,8.8194
-13.2053,8.8560
-13.1322,8.8619
-13.1764,8.9125
-13.2292,8.9481
-13.2656,8.9536
-13.2864,8.9956
-13.2956,9.0321
-13.3104,9.0428
-13.3257,9.0701
-13.2697,9.1397
-13.2728,9.2022
-13.3136,9.2056
-13.4119,9.2828
-13.5206,9.4572
-13.5233,9.4796
-13.4931,9.5601
-13.5106,9.5306
-13.5228,9.5118
-13.5437,9.5009
-13.6795,9.5415
-13.6722,9.5633
-13.6028,9.7344
-13.5947,9.7601
-13.6172,9.8019
-13.6550,9.8346
-13.6467,9.7856
-13.6756,9.7444
-13.6969,9.7382
-13.7206,9.7411
-13.7474,9.7609
-13.7550,9.7889
-13.7340,9.8381
-13.7119,9.8578
-13.6888,9.8994
-13.6847,9.9343
-13.6886,9.9522
-13.7026,9.9093
-13.7330,9.8728
-13.7818,9.8439
-13.8224,9.8494
-13.8464,9.8633
-13.9222,9.9294
-13.9408,9.9447
-14.0656,10.0322
-14.1336,10.0482
-14.2249,10.1046
-14.4575,10.2936
-14.5469,10.4151
-14.5461,10.4929
-14.5358,10.5067
-14.5772,10.4779
-14.6172,10.4694
-14.6607,10.4733
-14.6672,10.5250
-14.6219,10.6679
-14.6112,10.6978
-14.5533,10.7797
-14.5165,10.8428
-14.5735,10.8082
-14.6119,10.7403
-14.6368,10.6867
-14.6986,10.6405
-14.7160,10.6962
-14.7078,10.7567
-14.7472,10.8336
-14.7725,10.8322
-14.8086,10.8208
-14.8189,10.9175
-14.8151,10.9372
-14.7792,10.9467
-14.7349,10.9593
-14.6904,11.0289
-14.7490,10.9790
-14.8658,10.9647
-14.9069,10.9278
-14.9206,10.9003
-14.9482,10.7873
-14.9844,10.7690
-15.0054,10.7719
-15.0254,10.7828
-15.0732,10.8399
-15.0808,10.8712
-15.0751,10.8942
-15.0168,10.9565
-15.0497,10.9358
-15.0864,10.9251
-15.1157,10.9776
-15.0994,11.0656
-15.0750,11.1028
-15.0353,11.1401
-15.0228,11.1953
-15.0978,11.1322
-15.1522,11.0861
-15.1695,11.0647
-15.1810,11.0414
-15.2044,11.0053
-15.2329,10.9959
-15.2731,11.0282
-15.2340,11.0660
-15.2153,11.0867
-15.2022,11.1292
-15.2088,11.2298
-15.2367,11.2139
-15.2328,11.1878
-15.2203,11.1548
-15.2324,11.1267
-15.2794,11.1256
-15.3072,11.1306
-15.3535,11.1418
-15.4078,11.1899
-15.4267,11.2874
-15.4153,11.3247
-15.3866,11.3718
-15.3603,11.3643
-15.3331,11.3635
-15.3122,11.3778
-15.2892,11.3975
-15.2724,11.4153
-15.2653,11.4259
-15.3353,11.3788
-15.3612,11.3897
-15.3808,11.4053
-15.4216,11.3832
-15.4423,11.3455
-15.5011,11.3328
-15.4753,11.4578
-15.3258,11.5853
-15.2821,11.6193
-15.1878,11.6408
-15.1117,11.6156
-15.0944,11.5811
-15.0372,11.5764
-15.0272,11.5942
-15.0872,11.6283
-15.1728,11.6564
-15.2872,11.6492
-15.3244,11.6368
-15.3390,11.6815
-15.3439,11.6808
-15.3842,11.6250
-15.3719,11.5973
-15.3911,11.5786
-15.4443,11.5531
-15.4674,11.5987
-15.4555,11.6179
-15.4293,11.6546
-15.4239,11.6761
-15.4235,11.6837
-15.4514,11.6725
-15.5311,11.6747
-15.5493,11.6901
-15.5561,11.7254
-15.5300,11.7775
-15.4586,11.8653
-15.4381,11.8800
-15.3819,11.8850
-15.3553,11.8782
-15.3271,11.8686
-15.2500,11.8656
-15.2156,11.8650
-15.1944,11.8679
-15.1308,11.8933
-15.0882,11.8515
-15.0665,11.8026
-14.9756,11.7512
-14.9560,11.7469
-14.9306,11.7548
-14.9241,11.7632
-14.9294,11.7606
-14.9515,11.7574
-15.0538,11.8206
-15.0656,11.8471
-15.0222,11.9503
-14.9909,11.9568
-14.9911,11.9581
-15.0083,11.9763
-15.0750,11.9844
-15.1442,11.9531
-15.1653,11.9269
-15.1944,11.9068
-15.2168,11.9039
-15.3163,11.9292
-15.3506,11.9594
-15.3701,11.9637
-15.4064,11.9633
-15.4308,11.9589
-15.4955,11.9365
-15.5390,11.8969
-15.5932,11.8440
-15.6519,11.8060
-15.6817,11.7979
-15.7425,11.7892
-15.8519,11.7678
-15.9594,11.7353
-15.9653,11.7736
-15.9294,11.8753
-15.8629,11.9671
-15.8415,11.9842
-15.7912,12.0012
-15.7695,11.9833
-15.7239,11.9675
-15.7052,12.0022
-15.7058,12.0099
-15.7307,11.9931
-15.7637,11.9951
-15.7770,12.0130
-15.8528,12.0167
-15.8981,12.0000
-15.9239,11.9846
-15.9408,11.9515
-15.9594,11.9279
-15.9775,11.9144
-16.1201,11.8821
-16.2028,11.9056
-16.2492,11.9282
-16.2876,11.9840
-16.3345,11.9991
-16.3436,12.0314
-16.3497,12.1058
-16.3326,12.1531
-16.2600,12.2222
-16.2219,12.2481
-16.1978,12.2594
-16.1393,12.2856
-16.1153,12.3333
-16.2235,12.2851
-16.2814,12.2411
-16.3506,12.1939
-16.4553,12.1718
-16.4953,12.1846
-16.5071,12.2140
-16.5496,12.2624
-16.5681,12.2750
-16.6846,12.3357
-16.7178,12.3224
-16.7308,12.3344
-16.7932,12.4229
-16.8018,12.4461
-16.8001,12.4864
-16.7867,12.5111
-16.7624,12.5357
-16.5838,12.6326
-16.5017,12.5961
-16.4217,12.5589
-16.3744,12.5454
-16.3435,12.5601
-16.2922,12.5889
-16.2336,12.5908
-16.1964,12.5803
-16.1158,12.6058
-16.0283,12.6305
-15.9978,12.6242
-15.9647,12.5961
-15.9364,12.5778
-15.8247,12.5508
-15.8039,12.5625
-15.7743,12.5874
-15.7297,12.5867
-15.6910,12.5731
-15.6770,12.5430
-15.6344,12.5310
-15.5753,12.5610
-15.5093,12.6371
-15.5289,12.6972
-15.5421,12.7158
-15.5299,12.7821
-15.4311,12.8042
-15.3994,12.7972
-15.3918,12.8329
-15.4458,12.8319
-15.5269,12.8058
-15.5539,12.7739
-15.5646,12.7344
-15.5549,12.7165
-15.5398,12.6544
-15.5511,12.6332
-15.6186,12.5714
-15.6456,12.5571
-15.6666,12.5735
-15.6671,12.6022
-15.6983,12.6143
-15.7676,12.6193
-15.8458,12.6081
-15.9059,12.5940
-15.9454,12.6164
-15.9824,12.6534
-16.0153,12.7014
-16.0214,12.7249
-16.0461,12.6579
-16.0715,12.6346
-16.1583,12.6078
-16.2056,12.6122
-16.2942,12.6014
-16.3497,12.5822
-16.3674,12.5642
-16.4217,12.5768
-16.4522,12.5942
-16.5711,12.6714
-16.5972,12.7354
-16.5940,12.7833
-16.6490,12.7212
-16.6497,12.6858
-16.6469,12.6613
-16.6467,12.6324
-16.7181,12.5811
-16.7529,12.5647
-16.7750,12.5790
-16.7936,12.7122
-16.8001,12.8074
-16.7968,12.8275
-16.7776,12.8582
-16.7575,12.8981
-16.7492,13.0006
-16.7483,13.0261
-16.7492,13.0467
-16.7509,13.0600
-16.7844,13.1408
-16.8200,13.2783
-16.8217,13.3233
-16.8171,13.3706
-16.7861,13.3876
-16.7447,13.4185
-16.7317,13.4497
-16.7099,13.4717
-16.6843,13.4894
-16.6208,13.4756
-16.6097,13.4720
-16.5901,13.4612
-16.5843,13.4546
-16.5872,13.4362
-16.6114,13.4408
-16.6210,13.4315
-16.6106,13.4269
-16.6067,13.4022
-16.5997,13.3806
-16.5767,13.3244
-16.5547,13.2951
-16.4217,13.2569
-16.3794,13.2756
-16.2496,13.3185
-16.2238,13.2976
-16.2244,13.2576
-16.1947,13.2526
-16.1714,13.2617
-16.1549,13.2793
-16.1566,13.2817
-16.1939,13.2637
-16.2242,13.3261
-16.2236,13.3481
-16.2096,13.3779
-16.1559,13.4249
-16.1238,13.4158
-16.0865,13.4086
-16.0488,13.4054
-15.7733,13.4331
-15.6367,13.4528
-15.5486,13.5060
-15.4900,13.4850
-15.4018,13.4474
-15.3589,13.4387
-15.3283,13.4386
-15.3058,13.4515
-15.2946,13.4860
-15.2972,13.4911
-15.3032,13.4744
-15.3288,13.4542
-15.3590,13.4503
-15.3975,13.4636
-15.4844,13.5014
-15.5472,13.5287
-15.6583,13.5042
-15.7228,13.4761
-15.8119,13.4564
-16.0972,13.4318
-16.1157,13.4411
-16.1405,13.4535
-16.1925,13.4314
-16.2310,13.3997
-16.2686,13.3604
-16.3319,13.3383
-16.4035,13.3321
-16.4794,13.3558
-16.5133,13.3686
-16.5046,13.3871
-16.5010,13.4096
-16.5539,13.5658
-16.5657,13.5900
-16.6200,13.6583
-16.6422,13.6969
-16.6386,13.7528
-16.6253,13.7771
-16.5999,13.8074
-16.5731,13.8331
-16.5408,13.8428
-16.5211,13.8319
-16.4972,13.8675
-16.4908,13.9581
-16.5603,13.8625
-16.6984,13.7704
-16.7356,13.8164
-16.7394,13.8411
-16.7453,13.9535
-16.7189,13.9828
-16.6874,13.9929
-16.6575,13.9781
-16.6389,13.9617
-16.5783,14.0017
-16.5724,14.0221
-16.5594,14.0536
-16.5058,14.1050
-16.4119,14.1458
-16.3652,14.1623
-16.3674,14.1664
-16.3847,14.1625
-16.4531,14.1744
-16.5133,14.1433
-16.5442,14.0914
-16.5614,14.0672
-16.6364,14.0035
-16.6607,14.0000
-16.7758,14.0125
-16.7981,14.0903
-16.8133,14.1228
-16.8578,14.1569
-16.8767,14.1784
-16.9006,14.2633
-16.9478,14.3756
-16.9721,14.4051
-17.0006,14.4282
-17.0364,14.4417
-17.0625,14.4540
-17.0894,14.4867
-17.1217,14.5467
-17.1483,14.6139
-17.1633,14.6383
-17.1756,14.6544
-17.1947,14.6700
-17.2258,14.6886
-17.3378,14.7333
-17.3909,14.7400
-17.4209,14.7311
-17.4315,14.7089
-17.4278,14.6747
-17.4463,14.6567
-17.5328,14.7501
-17.4836,14.7694
-17.4611,14.7724
-17.4236,14.7830
-17.3833,14.7967
-17.2336,14.8694
-17.1808,14.8956
-17.1669,14.9031
-17.1461,14.9181
-17.1292,14.9311
-16.9733,15.1103
-16.8794,15.2243
-16.8297,15.3122
-16.7928,15.3850
-16.7769,15.4106
-16.7422,15.4597
-16.7306,15.4743
-16.7231,15.4825
-16.7078,15.5019
-16.6703,15.5553
-16.5464,15.7567
-16.5367,15.7862
-16.5397,15.8056
-16.5473,15.8165
-16.5325,16.0139
-16.5277,16.0602
-16.5292,16.0958
-16.5372,16.3017
-16.5267,16.3286
-16.5069,16.3739
-16.4956,16.4033
-16.4749,16.4742
-16.4689,16.5053
-16.4672,16.5300
-16.4689,16.5500
-16.4676,16.6114
-16.4444,16.6797
-16.4111,16.7633
-16.4033,16.7828
-16.3403,16.9372
-16.3011,17.0017
-16.2790,17.0318
-16.2615,17.0593
-16.2008,17.1981
-16.1847,17.2367
-16.1350,17.3571
-16.0958,17.4875
-16.0897,17.5083
-16.0694,17.5897
-16.0642,17.6114
-16.0394,17.7346
-16.0372,17.9261
-16.0286,18.0806
-16.0353,18.1614
-16.0422,18.1901
-16.0514,18.2356
-16.0630,18.3695
-16.0578,18.4044
-16.0567,18.4286
-16.0648,18.4638
-16.0719,18.4919
-16.0835,18.5267
-16.1058,18.5789
-16.1444,18.6900
-16.1506,18.7556
-16.1714,18.8708
-16.1792,18.9131
-16.1881,18.9394
-16.2192,19.0027
-16.2322,19.0433
-16.2578,19.0944
-16.2694,19.1111
-16.2814,19.1278
-16.3493,19.2040
-16.3683,19.2164
-16.4631,19.2554
-16.4992,19.3364
-16.5117,19.3522
-16.4563,19.3701
-16.3807,19.3937
-16.3494,19.4225
-16.3356,19.4375
-16.3094,19.4675
-16.2862,19.5383
-16.3569,19.5297
-16.4263,19.4779
-16.4299,19.4453
-16.4406,19.4089
-16.4617,19.4101
-16.4689,19.4486
-16.4272,19.5364
-16.4054,19.5597
-16.3831,19.5759
-16.3344,19.6337
-16.2331,19.7939
-16.2433,19.8872
-16.2167,20.0008
-16.1968,20.2261
-16.2368,20.2885
-16.3142,20.3775
-16.3372,20.4328
-16.3778,20.5261
-16.4158,20.6031
-16.4522,20.6694
-16.4957,20.7260
-16.5279,20.7336
-16.5344,20.7047
-16.5328,20.6275
-16.5401,20.5660
-16.5775,20.5900
-16.5997,20.6108
-16.6483,20.6614
-16.8892,21.1136
-16.9032,21.1425
-16.9237,21.1585
-16.9878,21.0656
-16.9984,21.0159
-16.9956,20.9747
-17.0253,20.8447
-17.0447,20.7831
-17.0523,20.7641
-17.0570,20.7674
-17.1015,20.8374
-17.0944,20.9437
-17.0636,21.0975
-17.0294,21.2850
-17.0211,21.3653
-17.0106,21.4411
-17.0058,21.4631
-16.9819,21.5536
-16.9689,21.6253
-16.9600,21.7075
-16.9642,21.7750
-16.9594,21.8222
-16.9569,21.8333
-16.9163,21.9454
-16.8519,22.0735
-16.7194,22.2608
-16.6652,22.2930
-16.6358,22.2765
-16.5986,22.2814
-16.5347,22.3058
-16.4981,22.3253
-16.4654,22.3840
-16.4606,22.4125
-16.4241,22.5203
-16.3890,22.5442
-16.3627,22.5646
-16.3458,22.6347
-16.3400,22.6875
-16.3425,22.7194
-16.3371,22.7569
-16.3236,22.7944
-16.2673,22.8999
-16.2285,22.9143
-16.2008,22.9322
-16.1856,22.9485
-16.1639,22.9889
-16.1524,23.0247
-16.1514,23.0639
-16.1783,23.0850
-16.1094,23.2481
-16.0725,23.3283
-16.0543,23.3457
-16.0358,23.3628
-16.0126,23.3926
-15.9969,23.4153
-15.9806,23.4476
-15.9700,23.4972
-15.9628,23.5172
-15.9217,23.5835
-15.8828,23.6386
-15.8686,23.6528
-15.8300,23.6838
-15.7647,23.7865
-15.7603,23.8581
-15.7794,23.9094
-15.8747,23.8229
-15.8908,23.8039
-15.9021,23.7840
-15.9271,23.7189
-15.9433,23.6822
-15.9940,23.6485
-15.9331,23.7881
-15.9117,23.8219
-15.8664,23.8686
-15.8322,23.9017
-15.7028,23.9850
-15.5822,24.0606
-15.5261,24.1261
-15.4575,24.2011
-15.3625,24.2772
-15.2983,24.3319
-15.2822,24.3550
-15.2567,24.3950
-15.2456,24.4125
-15.2299,24.4397
-15.1733,24.4919
-15.1383,24.5076
-15.1008,24.5172
-15.0622,24.5260
-15.0314,24.5417
-14.9009,24.6896
-14.8346,24.9186
-14.8306,25.0381
-14.8333,25.0719
-14.8453,25.0919
-14.8474,25.1133
-14.8460,25.2139
-14.8289,25.2900
-14.8156,25.3411
-14.7910,25.4312
-14.7536,25.4806
-14.6828,25.6239
-14.6481,25.7328
-14.6290,25.7737
-14.6081,25.8069
-14.5881,25.8303
-14.5649,25.8543
-14.5385,25.8929
-14.5172,25.9344
-14.4972,25.9875
-14.4931,26.0003
-14.4892,26.0153
-14.4836,26.0558
-14.4793,26.0987
-14.4893,26.1269
-14.4833,26.1633
-14.4225,26.2475
-14.4065,26.2607
-14.3747,26.2692
-14.3453,26.2764
-14.3217,26.2831
-14.2967,26.2974
-14.2519,26.3356
-14.2207,26.3661
-14.1978,26.3975
-14.1061,26.4306
-14.0669,26.4353
-14.0328,26.4435
-13.9079,26.5104
-13.7097,26.6256
-13.6240,26.6824
-13.6011,26.7031
-13.5742,26.7317
-13.5485,26.7642
-13.5178,26.8208
-13.5039,26.8506
-13.4814,26.9008
-13.4275,27.0647
-13.4172,27.0981
-13.4169,27.1181
-13.4147,27.1450
-13.4094,27.1694
-13.3972,27.1972
-13.3717,27.2373
-13.3503,27.2597
-13.3336,27.2797
-13.3033,27.3281
-13.2478,27.4454
-13.2207,27.5165
-13.1750,27.6670
-13.1696,27.6822
-13.1514,27.7007
-13.1158,27.7131
-13.0678,27.7386
-13.0399,27.7582
-13.0224,27.7774
-13.0025,27.8197
-12.9853,27.8608
-12.9772,27.8894
-12.9627,27.9205
-12.9025,27.9542
-12.8464,27.9647
-12.7644,27.9789
-12.7047,27.9856
-12.6147,27.9903
-12.3825,28.0311
-12.0631,28.0839
-11.9419,28.1481
-11.7328,28.2264
-11.6414,28.2600
-11.5467,28.2906
-11.5119,28.3037
-11.4511,28.3404
-11.3033,28.5247
-11.2611,28.5569
-11.1625,28.6428
-11.1022,28.7002
-11.0828,28.7367
-11.0544,28.7564
-10.9253,28.8189
-10.7203,28.9175
-10.6396,28.9475
-10.6136,28.9621
-10.5506,29.0061
-10.5211,29.0283
-10.5010,29.0454
-10.4417,29.0972
-10.4308,29.1177
-10.3944,29.1686
-10.3476,29.2292
-10.3069,29.2633
-10.2846,29.2744
-10.2549,29.2909
-10.2282,29.3179
-10.1381,29.4281
-10.0806,29.5194
-10.0744,29.5431
-10.0728,29.5639
-10.0619,29.5864
-9.8772,29.7769
-9.8219,29.8333
-9.8078,29.8489
-9.7929,29.8676
-9.7697,29.9064
-9.7369,29.9628
-9.6635,30.0979
-9.6410,30.1650
-9.6082,30.3737
-9.6084,30.4025
-9.7050,30.5432
-9.7936,30.6125
-9.8313,30.6276
-9.8539,30.7269
-9.8375,30.7556
-9.8239,30.7794
-9.8130,30.8186
-9.8173,30.8824
-9.8263,30.9519
-9.8444,31.1150
-9.8426,31.1350
-9.8278,31.2092
-9.8146,31.2560
-9.8068,31.2819
-9.8028,31.3262
-9.8188,31.3770
-9.8092,31.4467
-9.7753,31.5031
-9.7353,31.5606
-9.6892,31.6269
-9.6850,31.6708
-9.6807,31.7062
-9.6431,31.7558
-9.6258,31.7758
-9.4544,31.9433
-9.3750,32.0144
-9.3567,32.0335
-9.2778,32.1836
-9.2650,32.2275
-9.2606,32.3164
-9.2708,32.5103
-9.2793,32.5440
-9.2144,32.6075
-9.1703,32.6389
-9.1356,32.6647
-9.0857,32.7057
-9.0532,32.7348
-9.0300,32.7648
-8.9489,32.8273
-8.8417,32.9153
-8.7519,32.9919
-8.6296,33.1140
-8.6151,33.1453
-8.5678,33.2197
-8.5383,33.2505
-8.5019,33.2549
-8.4753,33.2533
-8.4514,33.2580
-8.4078,33.2776
-8.3558,33.3203
-8.3297,33.3472
-8.3062,33.3730
-8.2488,33.3951
-8.1789,33.4086
-8.1135,33.4230
-7.9503,33.4872
-7.8579,33.5275
-7.8336,33.5358
-7.7075,33.5761
-7.6366,33.6129
-7.6061,33.6064
-7.4967,33.6483
-7.3886,33.7189
-7.2283,33.7964
-7.1955,33.8099
-7.0867,33.8519
-7.0808,33.8536
-7.0390,33.8687
-6.9689,33.9164
-6.9333,33.9417
-6.8431,34.0186
-6.7975,34.0621
-6.7164,34.1961
-6.6550,34.2956
-6.6397,34.3183
-6.5978,34.3761
-6.5825,34.3911
-6.4883,34.5408
-6.3792,34.7214
-6.3586,34.7556
-6.3342,34.8003
-6.3153,34.8350
-6.2794,34.9069
-6.2425,35.0083
-6.2117,35.0930
-6.1714,35.1839
-6.1047,35.3331
-6.0522,35.4503
-5.9967,35.5794
-5.9661,35.6647
-5.9375,35.7594
-5.9187,35.7906
-5.8483,35.7967
-5.7444,35.8055
-5.5958,35.8219
-5.5438,35.8425
-5.5090,35.8715
-5.4883,35.8972
-5.4556,35.9144
-5.4078,35.9192
-5.3956,35.9163
-5.3603,35.9162
-5.3076,35.8858
-5.3458,35.8417
-5.3450,35.8300
-5.3389,35.7906
-5.3297,35.7375
-5.3203,35.7003
-5.2490,35.5744
-5.2107,35.5506
-4.9664,35.3669
-4.9168,35.3185
-4.7917,35.2508
-4.7300,35.2208
-4.6958,35.2089
-4.6019,35.1922
-4.5190,35.1800
-4.4204,35.1512
-4.3579,35.1461
-4.3175,35.1569
-4.2650,35.1867
-4.2156,35.1897
-4.1193,35.2026
-4.0929,35.2146
-4.0700,35.2301
-4.0208,35.2453
-3.9149,35.2561
-3.9021,35.2237
-3.8644,35.2030
-3.8207,35.1997
-3.8017,35.2030
-3.7556,35.2417
-3.6547,35.2696
-3.5848,35.2295
-3.4106,35.1950
-3.3864,35.1931
-3.3363,35.1914
-3.3064,35.1953
-3.1683,35.2469
-3.0708,35.2877
-3.0236,35.3461
-2.9861,35.4181
-2.9608,35.3619
-2.9469,35.3292
-2.9306,35.2956
-2.9147,35.2736
-2.9014,35.2592
-2.9028,35.2206
-2.9121,35.1983
-2.9056,35.1697
-2.8769,35.1418
-2.8349,35.1251
-2.7838,35.1224
-2.7942,35.1472
-2.8233,35.1658
-2.8575,35.1994
-2.8837,35.2346
-2.8078,35.1844
-2.7764,35.1583
-2.7489,35.1397
-2.6764,35.1108
-2.6272,35.0985
-2.5497,35.0939
-2.5261,35.0964
-2.4814,35.1082
-2.3431,35.1236
-2.2581,35.0969
-2.2169,35.0858
-2.2094,35.0858
-2.1603,35.0974
-2.1179,35.0883
-2.0981,35.0794
-2.0656,35.0719
-2.0300,35.0719
-1.9797,35.0733
-1.9406,35.0792
-1.8967,35.0875
-1.7806,35.1172
-1.7461,35.1340
-1.6989,35.1736
-1.5561,35.2617
-1.5242,35.2794
-1.4714,35.3065
-1.4429,35.3079
-1.4164,35.3036
-1.3956,35.3051
-1.3693,35.3129
-1.3607,35.3178
-1.3522,35.3225
-1.2978,35.3600
-1.2746,35.3818
-1.2592,35.4067
-1.2492,35.4364
-1.2400,35.4672
-1.2240,35.5026
-1.1969,35.5511
-1.1689,35.5775
-1.1261,35.6067
-1.0358,35.6769
-1.0063,35.6812
-0.9028,35.7114
-0.7917,35.7650
-0.6972,35.7197
-0.6461,35.7126
-0.6181,35.7183
-0.5299,35.7697
-0.5114,35.7901
-0.4939,35.8200
-0.4778,35.8537
-0.3731,35.9028
-0.3401,35.8989
-0.3007,35.8641
-0.2967,35.8342
-0.2444,35.8108
-0.1442,35.7881
-0.1208,35.7836
-0.1143,35.7837
-0.1067,35.7840
-0.0522,35.8061
0.0176,35.8478
0.0417,35.8707
0.0844,35.9425
0.1176,36.0117
0.1272,36.0449
0.2042,36.1033
0.3300,36.1675
0.5378,36.2694
0.6158,36.3058
0.6775,36.3280
0.7300,36.3326
0.7369,36.3322
0.7628,36.3362
0.8397,36.3658
0.8669,36.3767
0.9149,36.4045
0.9282,36.4292
0.9475,36.4489
1.0250,36.4739
1.1825,36.5122
1.4064,36.5297
1.4967,36.5236
1.5675,36.5314
1.6139,36.5372
1.6496,36.5468
1.6917,36.5489
1.7222,36.5472
1.7428,36.5535
1.8425,36.5675
1.9060,36.5703
1.9503,36.5614
1.9725,36.5608
2.0443,36.5667
2.1507,36.5874
2.1769,36.5996
2.2211,36.6117
2.3090,36.6296
2.3392,36.6353
2.3631,36.6321
2.3940,36.6183
2.4026,36.5980
2.4344,36.5903
2.4742,36.5864
2.5000,36.5843
2.5725,36.5892
2.5976,36.5940
2.6261,36.6033
2.7794,36.6772
2.8162,36.7026
2.8362,36.7221
2.9002,36.7948
2.9342,36.8025
2.9636,36.8022
2.9912,36.8083
3.0305,36.8058
3.0625,36.7851
3.0892,36.7500
3.1064,36.7419
3.1307,36.7389
3.1722,36.7414
3.1856,36.7428
3.2281,36.7786
3.3072,36.7831
3.3835,36.7712
3.4792,36.7681
3.5442,36.7856
3.6250,36.8106
3.6523,36.8240
3.6927,36.8491
3.7162,36.8750
3.7479,36.8892
3.8158,36.9033
3.9017,36.9147
3.9284,36.8944
3.9589,36.8886
3.9975,36.8947
4.0761,36.8856
4.1061,36.8842
4.2453,36.9033
4.2950,36.9044
4.3894,36.8953
4.5575,36.8844
4.6034,36.8879
4.6356,36.8864
4.6992,36.8861
4.7244,36.8862
4.7494,36.8907
4.7887,36.8939
4.9233,36.8469
5.1005,36.7713
5.0797,36.7326
5.0913,36.7106
5.1619,36.6724
5.1950,36.6608
5.2426,36.6467
5.2994,36.6403
5.3281,36.6403
5.4244,36.6531
5.4365,36.6653
5.4626,36.6637
5.5314,36.6942
5.5478,36.7136
5.5637,36.7386
5.5883,36.7658
5.7046,36.8219
5.7425,36.8328
5.7749,36.8306
5.8157,36.8131
5.8669,36.8164
6.0000,36.8378
6.0243,36.8435
6.1644,36.8922
6.2333,36.9136
6.2422,36.9204
6.2639,36.9487
6.2537,36.9745
6.2706,37.0203
6.3669,37.0818
6.3983,37.0864
6.4717,37.0899
6.5039,37.0783
6.5224,37.0658
6.5419,37.0450
6.5724,37.0054
6.5822,36.9838
6.9204,36.8843
6.9564,36.8842
7.1414,36.9117
7.1706,36.9200
7.2251,36.9576
7.2504,36.9844
7.2581,37.0065
7.2489,37.0275
7.2204,37.0419
7.2031,37.0547
7.1897,37.0788
7.2297,37.0864
7.2537,37.0767
7.2700,37.0678
7.2925,37.0772
7.4636,37.0425
7.5539,37.0050
7.5733,36.9933
7.5936,36.9825
7.6147,36.9757
7.7297,36.9664
7.7614,36.9660
7.7725,36.9278
7.7731,36.8797
7.7847,36.8722
7.8164,36.8603
7.8767,36.8475
7.9322,36.8444
7.9547,36.8467
8.0514,36.8747
8.1603,36.9219
8.2256,36.9528
8.3903,36.9189
8.5458,36.9214
8.6220,36.9414
8.6672,36.9539
8.7662,36.9624
8.8269,36.9796
8.8581,36.9953
8.8778,37.0069
8.8963,37.0186
8.9156,37.0308
8.9406,37.0517
8.9594,37.0703
8.9733,37.0864
8.9856,37.1105
9.0433,37.1522
9.0661,37.1608
9.0809,37.1623
9.1583,37.1878
9.3278,37.2281
9.5603,37.3014
9.6592,37.3352
9.7387,37.3404
9.8587,37.3283
9.8696,37.2814
9.8499,37.2546
9.8085,37.2355
9.7774,37.2237
9.7844,37.1789
9.8083,37.1508
9.8384,37.1407
9.8604,37.1403
9.8809,37.1474
9.9021,37.1609
9.9260,37.2060
9.8586,37.2289
9.9269,37.2480
10.0483,37.2615
10.1943,37.2115
10.2549,37.1796
10.2121,37.1634
10.1464,37.1679
10.1320,37.1455
10.1914,37.1275
10.2118,37.1281
10.1694,37.0640
10.1724,37.0396
10.2006,36.9869
10.3327,36.8893
10.3442,36.8771
10.2862,36.8153
10.2756,36.8385
10.2028,36.8310
10.1928,36.8108
10.1967,36.7901
10.2439,36.7858
10.2562,36.7868
10.3190,36.7446
10.3369,36.7351
10.3749,36.7246
10.4072,36.7228
10.4153,36.7240
10.4361,36.7297
10.4586,36.7386
10.4842,36.7522
10.5244,36.7756
10.5472,36.8178
10.5664,36.8574
10.5992,36.8783
10.6228,36.8764
10.6550,36.8769
10.6775,36.8789
10.7132,36.8868
10.8192,36.9508
10.8683,36.9964
10.8939,37.0394
11.0394,37.0860
11.0678,37.0514
11.1022,36.9044
11.0357,36.8114
10.9808,36.7603
10.9675,36.7436
10.8972,36.6480
10.8647,36.5919
10.8368,36.5426
10.8219,36.5031
10.8128,36.4828
10.7964,36.4653
10.7408,36.4533
10.6736,36.4342
10.5722,36.3978
10.5475,36.3842
10.5303,36.3708
10.5224,36.3629
10.5128,36.3511
10.4978,36.3282
10.4803,36.2875
10.4690,36.2551
10.4560,36.1792
10.4562,36.1174
10.4717,36.0567
10.5200,35.9722
10.6049,35.8624
10.6250,35.8408
10.6858,35.7886
10.6888,35.7870
10.7397,35.7717
10.8149,35.7244
10.8271,35.7059
10.8714,35.6821
10.9072,35.6733
10.9297,35.6708
10.9731,35.6642
11.0014,35.6564
11.0271,35.6374
11.0137,35.5627
11.0300,35.5217
11.0545,35.5017
11.0196,35.3891
11.0260,35.3386
11.0508,35.3051
11.0847,35.2750
11.1008,35.2631
11.1267,35.2419
11.0725,35.1706
11.0488,35.1581
11.0195,35.1240
11.0143,35.0927
11.0149,35.0621
10.9094,34.8886
10.8231,34.7936
10.7314,34.6703
10.7087,34.6514
10.6803,34.6447
10.6589,34.6425
10.6328,34.6318
10.5753,34.5458
10.4965,34.5226
10.4303,34.4962
10.3953,34.4603
10.3750,34.4358
10.3361,34.4075
10.1522,34.3248
10.1160,34.3142
10.0369,34.2180
10.0214,34.1911
10.0125,34.1711
10.0071,34.1686
10.0142,34.1097
10.0192,34.0803
10.0308,34.0364
10.0393,34.0096
10.0689,33.9530
10.0797,33.9353
10.0964,33.9144
10.1661,33.8292
10.2664,33.7486
10.3144,33.7128
10.3319,33.7003
10.3561,33.6861
10.3903,33.6730
10.4572,33.6507
10.4783,33.6387
10.5303,33.6494
10.6056,33.6714
10.6314,33.6839
10.6591,33.7017
10.6947,33.7125
10.7160,33.7042
10.7247,33.6796
10.7172,33.6056
10.7059,33.5786
10.6728,33.5483
10.6915,33.4918
10.7517,33.4737
10.9098,33.5362
10.9300,33.5671
10.9208,33.5935
10.9019,33.6137
10.9336,33.6300
10.9797,33.6367
11.0258,33.6255
11.0558,33.6126
11.0789,33.5942
11.0917,33.5771
11.1074,33.5497
11.1144,33.5222
11.1137,33.4925
11.1037,33.4604
11.1011,33.4297
11.1211,33.2858
11.1743,33.2101
11.3428,33.1828
11.3650,33.1817
11.4316,33.1892
11.4819,33.1878
11.5261,33.1711
11.6069,33.1171
11.6381,33.1017
11.7408,33.0855
11.7925,33.0831
11.8776,33.0650
11.9081,33.0503
11.9922,33.0039
12.0256,32.9836
12.0778,32.9517
12.1739,32.9006
12.2761,32.8481
12.3012,32.8378
12.3439,32.8284
12.3661,32.8256
12.5172,32.8072
12.5594,32.8008
12.7411,32.7947
12.7719,32.7966
12.8139,32.7994
12.8539,32.8055
12.9090,32.8157
13.0008,32.8428
13.0154,32.8485
13.0919,32.8719
13.1224,32.8836
13.1407,32.8987
13.1601,32.9096
13.2061,32.9172
13.2511,32.9189
13.3350,32.9044
13.3625,32.8962
13.4675,32.8483
13.5197,32.8222
13.5439,32.8081
13.5790,32.7956
13.6128,32.7887
13.6428,32.7881
13.7228,32.7914
13.7483,32.7965
13.7758,32.7997
13.8928,32.7783
13.9128,32.7733
13.9300,32.7660
13.9522,32.7543
13.9933,32.7367
14.0181,32.7294
14.0389,32.7258
14.0794,32.7239
14.1500,32.7178
14.1708,32.7142
14.2003,32.7039
14.3172,32.6325
14.4149,32.5569
14.4386,32.5331
14.4486,32.5256
14.4867,32.5106
14.5456,32.5031
14.6246,32.4911
14.6542,32.4811
14.7250,32.4493
14.7906,32.4461
14.9350,32.4372
15.1286,32.4097
15.1658,32.3986
15.1893,32.3872
15.2747,32.3190
15.3694,32.1545
15.3600,32.0381
15.3549,32.0218
15.3547,32.0211
15.3519,31.9958
15.3600,31.9603
15.3783,31.9029
15.3986,31.8569
15.4881,31.6599
15.6200,31.4901
15.6887,31.4306
15.7543,31.3897
15.8639,31.3389
15.8964,31.3247
15.9768,31.2912
16.0808,31.2619
16.1158,31.2558
16.1828,31.2414
16.2247,31.2339
16.2549,31.2307
16.5003,31.2186
16.5236,31.2178
16.5647,31.2214
16.5981,31.2256
16.6561,31.2272
16.7058,31.2281
16.7322,31.2244
16.7597,31.2192
16.9296,31.1835
16.9925,31.1658
17.0222,31.1556
17.0589,31.1411
17.1133,31.1267
17.1331,31.1219
17.2700,31.0947
17.3672,31.0822
17.4026,31.0667
17.4247,31.0510
17.4435,31.0360
17.4699,31.0233
17.5000,31.0167
17.5711,31.0050
17.6042,30.9969
17.8083,30.9231
17.8942,30.8671
17.9232,30.8515
18.0572,30.8147
18.1792,30.7819
18.2206,30.7589
18.2474,30.7286
18.2989,30.6742
18.3589,30.6275
18.3856,30.6089
18.5975,30.4639
18.7131,30.3969
18.7889,30.3667
18.8015,30.3536
18.9053,30.2989
18.9264,30.2889
18.9575,30.2764
19.0014,30.2669
19.0253,30.2650
19.1631,30.2639
19.2183,30.2669
19.3161,30.2864
19.3450,30.2942
19.6178,30.4172
19.7461,30.5039
19.7650,30.5189
19.8714,30.6317
20.0274,30.8097
20.0576,30.8508
20.1089,30.9433
20.1225,30.9711
20.1350,31.0078
20.1489,31.0550
20.1535,31.0768
20.1556,31.1500
20.1483,31.1869
20.1433,31.2103
20.1056,31.2975
20.0922,31.3194
20.0712,31.3426
20.0490,31.3540
20.0306,31.3778
20.0197,31.4014
19.9828,31.4825
19.9656,31.5236
19.9531,31.5680
19.9244,31.7050
19.9208,31.7272
19.9196,31.7482
19.9242,31.8233
19.9419,31.9578
19.9490,31.9771
20.0092,32.0792
20.0594,32.1553
20.0844,32.1847
20.3372,32.4092
20.5533,32.5533
20.5676,32.5609
20.7042,32.6114
20.8711,32.6847
20.8892,32.6975
20.9086,32.7081
20.9414,32.7246
20.9694,32.7375
21.0700,32.7745
21.1236,32.7775
21.1794,32.7728
21.2331,32.7711
21.2853,32.7703
21.3267,32.7733
21.3725,32.7783
21.3892,32.7833
21.4278,32.7967
21.4717,32.8162
21.4972,32.8319
21.5137,32.8493
21.5347,32.8700
21.6278,32.9347
21.7139,32.9444
21.7397,32.9311
21.7833,32.9167
21.8547,32.9025
21.8842,32.9022
21.9475,32.9050
21.9808,32.9086
22.0040,32.9143
22.0681,32.9108
22.1969,32.8844
22.3178,32.8811
22.3483,32.8781
22.3751,32.8680
22.4242,32.8358
22.5133,32.7856
22.5361,32.7826
22.5725,32.7839
22.8050,32.7256
22.8374,32.7094
22.8689,32.6933
22.9044,32.6800
22.9339,32.6718
22.9611,32.6692
22.9951,32.6735
23.1192,32.6198
23.1033,32.5840
23.0851,32.3321
23.1308,32.3103
23.1687,32.3012
23.2126,32.2703
23.2472,32.2162
23.2800,32.2072
23.4503,32.1867
23.4906,32.1822
23.5644,32.1817
23.6385,32.1833
23.7201,32.1751
23.8000,32.1553
23.9521,32.1126
23.9897,32.0922
23.9697,32.0693
23.9904,32.0486
24.0639,32.0117
24.0876,32.0026
24.1175,32.0000
24.5431,31.9853
24.5681,31.9892
24.6124,31.9997
24.6534,32.0238
24.7346,32.0254
24.7825,32.0046
24.8422,31.9925
24.9136,31.9800
24.9826,31.9665
25.0086,31.9492
25.0330,31.9269
25.0292,31.8953
25.0233,31.8551
25.0689,31.7906
25.0894,31.7667
25.1204,31.7289
25.1507,31.6697
25.1517,31.6469
25.1522,31.6351
25.1739,31.5408
25.3144,31.5015
25.4003,31.5017
25.4811,31.5186
25.5672,31.5414
25.6844,31.5775
25.8111,31.6108
25.8481,31.6172
25.8811,31.6200
25.9472,31.6178
25.9856,31.6142
26.0086,31.6106
26.0931,31.5914
26.1733,31.5631
26.3092,31.5275
26.3511,31.5178
26.3731,31.5136
26.5044,31.4986
26.6447,31.4842
26.7744,31.4606
26.8931,31.4339
27.0628,31.3992
27.1651,31.3793
27.2483,31.3753
27.2799,31.3779
27.3232,31.3761
27.3454,31.3689
27.3592,31.3289
27.3682,31.2957
27.3775,31.2715
27.3953,31.2497
27.4122,31.2361
27.4389,31.2228
27.4589,31.2172
27.5711,31.1886
27.6551,31.1729
27.8008,31.2132
27.8442,31.2437
27.8646,31.2300
27.8836,31.1814
27.8933,31.1397
27.9026,31.1097
27.9214,31.0981
28.1878,31.0728
28.2731,31.0689
28.3567,31.0736
28.4035,31.0839
28.4297,31.0789
28.5600,31.0322
28.7183,30.9881
28.7553,30.9750
28.8151,30.9477
28.8271,30.9208
28.8953,30.8735
28.9814,30.8392
29.0350,30.8242
29.0694,30.8217
29.1214,30.8214
29.1478,30.8239
29.1800,30.8303
29.2250,30.8422
29.2525,30.8503
29.3372,30.8769
29.4833,30.9378
29.5250,30.9614
29.5753,30.9936
29.5981,31.0086
29.6006,31.0111
29.6347,31.0344
29.6883,31.0681
29.7453,31.1036
29.8039,31.1356
29.9994,31.2736
30.0458,31.3072
30.0644,31.3203
30.0960,31.2784
30.1432,31.2219
30.2131,31.2129
30.2897,31.2374
30.3003,31.2689
30.3019,31.3353
30.3544,31.4483
30.3894,31.4419
30.3754,31.4556
30.3554,31.5028
30.3919,31.4936
30.4117,31.4750
30.4453,31.4611
30.4793,31.4522
30.5000,31.4524
30.5744,31.4669
30.5972,31.4722
30.6914,31.4992
30.7256,31.5096
30.7706,31.5250
30.8070,31.5386
30.8458,31.5489
30.9561,31.5757
30.7036,31.4658
30.5678,31.4236
30.5442,31.3932
30.5939,31.3803
30.7436,31.4086
30.9025,31.4203
30.9642,31.4478
31.0072,31.4803
31.1000,31.4903
31.1265,31.4967
31.1072,31.5451
31.0656,31.5653
31.0339,31.5708
30.9778,31.5835
31.0122,31.5970
31.0983,31.6017
31.1333,31.5978
31.1883,31.5850
31.2258,31.5744
31.2679,31.5608
31.3386,31.5342
31.3496,31.5296
31.4336,31.4847
31.5210,31.4486
31.5569,31.4422
31.5711,31.4419
31.5985,31.4433
31.6669,31.4558
31.7556,31.4792
31.8092,31.5036
31.8403,31.5206
31.8717,31.5349
31.8935,31.5391
31.9215,31.5299
31.9505,31.5052
31.9632,31.4757
31.9850,31.4458
32.0092,31.4164
32.0414,31.3822
32.0618,31.3703
32.0866,31.3608
32.1035,31.3540
32.2025,31.2909
32.1672,31.3006
32.1126,31.3275
32.0900,31.3436
32.0780,31.3564
32.0642,31.3563
32.0172,31.3806
31.9924,31.4026
31.9779,31.4332
31.9333,31.5135
31.9097,31.5276
31.8606,31.5145
31.7775,31.2774
31.7982,31.2847
31.8369,31.2461
31.9273,31.1820
31.9552,31.2018
32.0061,31.2175
32.0279,31.2157
32.0431,31.1936
32.0357,31.1749
32.0361,31.1432
32.0519,31.1289
32.0780,31.0825
32.1431,31.0742
32.1462,31.0786
32.1416,31.0873
32.1375,31.0933
32.1920,31.1249
32.2300,31.1033
32.2530,31.1075
32.2798,31.1243
32.2881,31.1690
32.2911,31.1694
32.2986,31.2092
32.2744,31.2667
32.2564,31.2697
32.2475,31.2711
32.2148,31.2824
32.2563,31.2817
32.2761,31.2786
32.3296,31.2693
32.4022,31.2147
32.4625,31.1606
32.4811,31.1425
32.4998,31.1160
32.5522,31.0715
32.5993,31.0601
32.6697,31.0517
32.7118,31.0335
32.7811,31.0461
33.0286,31.1539
33.1156,31.1925
33.1497,31.1017
33.1436,31.0583
33.2061,31.0681
33.2514,31.0894
33.3104,31.1144
33.4125,31.1549
33.4544,31.1417
33.4844,31.1275
33.5296,31.1175
33.5842,31.1144
33.6042,31.1136
33.6367,31.1156
33.6730,31.1200
33.7439,31.1333
33.8067,31.1489
33.8714,31.1653
33.9319,31.1822
33.9853,31.2014
34.0469,31.2257
34.1081,31.2528
34.2097,31.3165
34.2167,31.3233
34.2392,31.2947
34.2676,31.2165
34.2875,31.1628
34.4014,30.8594
34.4894,30.6911
34.5589,30.4861
34.5433,30.4347
34.5453,30.4069
34.6144,30.3650
34.7233,30.0893
34.7536,29.9911
34.8478,29.7408
34.8728,29.6508
34.8739,29.6308
34.8664,29.6067
34.8778,29.5325
34.9038,29.4867
34.8829,29.4845
34.8587,29.4722
34.7614,29.3347
34.7442,29.2914
34.6900,29.1356
34.6656,29.0392
34.6225,28.8393
34.6225,28.7594
34.6274,28.7354
34.6053,28.6917
34.5855,28.6622
34.5486,28.6050
34.5247,28.5619
34.4567,28.4353
34.4092,28.3187
34.4142,28.2304
34.4301,28.2009
34.4517,28.1742
34.4461,28.0211
34.4419,27.9969
34.4311,27.9744
34.3272,27.8689
34.2942,27.8544
34.2722,27.8181
34.2589,27.7903
34.2558,27.7647
34.2544,27.7286
34.2164,27.7653
34.1879,27.7871
34.1342,27.7958
33.9731,27.8878
33.8256,27.9750
33.8055,27.9889
33.7633,28.0219
33.7125,28.0817
33.6269,28.1933
33.5992,28.2394
33.5634,28.2947
33.5205,28.3133
33.4339,28.3608
33.4114,28.3800
33.3061,28.4850
33.2869,28.5050
33.2428,28.5544
33.2211,28.6081
33.1996,28.6623
33.1678,28.8611
33.1658,28.9533
33.1672,28.9743
33.1726,28.9951
32.9487,29.2068
32.9289,29.2099
32.8908,29.2332
32.7414,29.4547
32.7222,29.5108
32.6897,29.6164
32.6831,29.6693
32.6944,29.7235
32.6747,29.7583
32.6490,29.7884
32.6079,29.8236
32.5767,29.9200
32.5778,29.9514
32.5756,30.0027
32.5633,29.9568
32.4776,29.9368
32.4590,29.8975
32.4819,29.8693
32.4469,29.7953
32.4092,29.7556
32.3608,29.6831
32.3408,29.5949
32.3683,29.5445
32.4011,29.5119
32.4378,29.4922
32.5672,29.3825
32.5964,29.3406
32.6308,29.2365
32.6469,29.1736
32.6576,29.1195
32.6622,29.1139
32.6626,29.0937
32.6342,29.0612
32.6187,28.9840
32.6886,28.8678
32.7369,28.8161
32.7575,28.8013
32.7886,28.7918
32.8042,28.7769
32.8200,28.7481
32.8294,28.7244
32.8372,28.7017
32.8608,28.6264
32.9353,28.5451
32.9992,28.4844
33.0158,28.4597
33.0767,28.3678
33.1261,28.2836
33.1792,28.2289
33.2250,28.1822
33.3344,28.0750
33.4108,28.0292
33.4325,28.0186
33.4694,27.9964
33.4851,27.9839
33.5167,27.9444
33.5589,27.8831
33.5711,27.8547
33.5817,27.8164
33.5797,27.7906
33.5508,27.8122
33.5153,27.8310
33.4947,27.8374
33.4747,27.8275
33.4947,27.6439
33.5611,27.5683
33.6330,27.4900
33.6681,27.4242
33.6842,27.3726
33.6889,27.3406
33.7042,27.3200
33.7200,27.3061
33.7381,27.2939
33.7708,27.2825
33.8287,27.2554
33.8374,27.2367
33.8383,27.1994
33.8300,27.1611
33.8357,27.1176
33.9435,26.9357
33.9478,26.8189
33.9324,26.6842
33.9383,26.6553
33.9537,26.6411
33.9906,26.6310
34.0100,26.6139
34.0744,26.5117
34.1431,26.3722
34.1819,26.2997
34.2011,26.2506
34.2142,26.2217
34.2228,26.2028
34.3242,26.0261
34.4380,25.8453
34.4904,25.7778
34.5092,25.7606
34.5312,25.7454
34.5505,25.7247
34.6253,25.5811
34.6344,25.5628
34.6692,25.4872
34.7708,25.2844
34.8194,25.1944
34.8494,25.1408
34.8803,25.0961
34.9142,25.0456
34.9364,25.0111
34.9864,24.9239
35.0883,24.7182
35.1419,24.5414
35.1386,24.5175
35.2214,24.4222
35.2350,24.4072
35.2900,24.3668
35.3369,24.3325
35.3830,24.2906
35.4194,24.2428
35.4303,24.2253
35.4481,24.1819
35.4836,24.1500
35.5992,24.0767
35.7031,24.0150
35.7268,24.0046
35.7590,23.9825
35.7831,23.9569
35.8112,23.9070
35.6125,23.9332
35.5528,23.9621
35.5430,23.9843
35.5211,23.9803
35.5044,23.9681
35.4858,23.9429
35.4758,23.8119
35.5000,23.7440
35.5142,23.7201
35.5122,23.6719
35.5039,23.5931
35.4919,23.4946
35.4992,23.4714
35.5401,23.4106
35.5525,23.3700
35.5522,23.3383
35.5550,23.3094
35.5693,23.2387
35.5789,23.2158
35.6014,23.1792
35.6307,23.1331
35.6407,23.1150
35.6625,23.0411
35.6628,23.0122
35.6689,22.9707
35.7422,22.8725
35.8449,22.7637
35.8686,22.7497
35.9389,22.7197
36.0167,22.6903
36.0575,22.6858
36.1531,22.6651
36.2290,22.6354
36.2753,22.5892
36.3722,22.4553
36.3980,22.4056
36.4394,22.3489
36.4656,22.3183
36.4915,22.3065
36.5457,22.2993
36.7503,22.1617
36.8006,22.1239
36.8628,22.0758
36.8862,22.0532
36.8957,22.0342
36.8958,22.0074
36.8885,22.0001
36.8542,21.9717
36.8742,21.7869
36.9000,21.6372
36.9114,21.6086
37.0003,21.4312
37.0692,21.3308
37.0989,21.2917
37.1436,21.2483
37.1638,21.2319
37.2008,21.2006
37.2333,21.1665
37.2664,21.1261
37.3066,21.0633
37.3057,21.0173
37.2475,21.0017
37.2254,21.0257
37.1994,21.0942
37.2237,21.0792
37.2376,21.0614
37.2642,21.0530
37.2303,21.1292
37.1538,21.1953
37.1032,21.2079
37.0938,21.1691
37.1375,20.9681
37.1642,20.7961
37.1714,20.6996
37.1849,20.6815
37.2078,20.6264
37.2282,20.5564
37.2269,20.4664
37.2008,20.4581
37.1847,20.4019
37.1803,20.3292
37.1774,20.2206
37.1858,20.0135
37.2183,19.9175
37.2275,19.8958
37.2428,19.8647
37.2572,19.8339
37.2653,19.7628
37.2658,19.7317
37.2576,19.6879
37.2403,19.6649
37.2416,19.5646
37.2676,19.5275
37.2903,19.4750
37.3069,19.3957
37.3083,19.3586
37.3119,19.3000
37.3214,19.2419
37.3364,19.1519
37.3556,19.0864
37.4357,18.8539
37.5164,18.7244
37.5531,18.7100
37.5947,18.7089
37.6425,18.7089
37.6807,18.7179
37.7505,18.7064
37.7681,18.6953
37.7619,18.6647
37.8289,18.6008
37.8965,18.5725
37.9503,18.5407
37.9781,18.5181
38.0047,18.4892
38.0519,18.4264
38.1014,18.3449
38.0894,18.3074
38.1183,18.2822
38.1525,18.2592
38.1895,18.2408
38.2714,18.2228
38.3692,18.1875
38.4397,18.1344
38.5462,18.1072
38.5758,18.0875
38.5890,18.0668
38.6075,18.0108
38.6007,17.9949
38.6119,17.9614
38.6722,17.8472
38.7106,17.7774
38.7497,17.7272
38.7978,17.6533
38.8950,17.4569
38.9453,17.3481
39.0019,17.1886
39.0392,17.0525
39.0983,16.8628
39.1156,16.8269
39.1369,16.7753
39.1603,16.6792
39.1617,16.6375
39.1608,16.5731
39.1642,16.5444
39.1740,16.4780
39.1875,16.4506
39.1928,16.3969
39.1903,16.3856
39.2022,16.3433
39.2042,16.2886
39.2114,16.2289
39.2147,16.2056
39.2294,16.1275
39.2701,15.9862
39.3092,15.8983
39.3656,15.8497
39.4236,15.7697
39.4497,15.6503
39.4417,15.6037
39.4602,15.5217
39.4828,15.5121
39.5118,15.5183
39.5385,15.5374
39.5633,15.5353
39.5829,15.5264
39.6133,15.4876
39.6906,15.3156
39.7132,15.2571
39.7019,15.1925
39.6986,15.1817
39.6942,15.1294
39.7181,15.0881
39.7678,15.0628
39.7742,15.0631
39.8085,15.0756
39.8546,15.1753
39.8430,15.2258
39.8159,15.2774
39.7900,15.2618
39.7711,15.3922
39.7988,15.4453
39.8476,15.4746
39.8814,15.4894
39.9897,15.3894
40.0490,15.2869
40.0258,15.2399
40.0417,15.2011
40.0742,15.1680
40.1567,15.0180
40.1575,14.9847
40.1754,14.9711
40.2978,14.9135
40.3386,14.9439
40.3619,14.9650
40.4222,14.9961
40.4549,15.0078
40.5939,14.9464
40.6739,14.9042
40.7307,14.8308
40.7306,14.7944
40.8072,14.7056
40.8494,14.7167
40.8828,14.7161
41.1722,14.6307
41.3103,14.4769
41.3786,14.3733
41.4492,14.2717
41.5119,14.2025
41.6119,14.0678
41.6531,13.9998
41.6639,13.9674
41.6772,13.9364
41.7203,13.9156
41.8526,13.8714
41.9021,13.8726
41.9565,13.8572
41.9847,13.8264
42.0586,13.7292
42.0678,13.6978
42.0903,13.6783
42.1865,13.5751
42.2255,13.5512
42.2173,13.6364
42.1915,13.6538
42.1688,13.6602
42.1783,13.6690
42.2225,13.6367
42.2846,13.5735
42.2950,13.5531
42.3397,13.4275
42.3444,13.4053
42.3489,13.3503
42.3738,13.2179
42.4449,13.1903
42.4903,13.1921
42.5753,13.1619
42.7217,13.0422
42.7337,13.0235
42.7586,12.9425
42.7719,12.8944
42.8047,12.8450
42.8806,12.8089
42.9362,12.8010
42.9750,12.8128
42.9862,12.8301
43.0022,12.8859
43.0780,12.8290
43.0939,12.7956
43.1180,12.7292
43.1214,12.7083
43.1507,12.6585
43.1797,12.6183
43.2075,12.5844
43.2878,12.4936
43.3169,12.4811
43.3275,12.4767
43.3296,12.4339
43.3742,12.2847
43.3881,12.2640
43.4101,12.2347
43.4204,12.1387
43.4149,12.0631
43.4044,12.0389
43.3709,11.9933
43.2926,11.9656
43.2517,11.9586
43.2187,11.9578
43.1944,11.9481
43.1425,11.8967
43.1047,11.8533
43.0476,11.8001
43.0185,11.7935
42.9828,11.7948
42.8836,11.7742
42.8228,11.7533
42.7726,11.7312
42.7164,11.6522
42.6964,11.6144
42.6858,11.5803
42.6749,11.5624
42.6272,11.5444
42.5576,11.5687
42.5301,11.5801
42.5086,11.5672
42.5327,11.5473
42.5315,11.5119
42.5951,11.4686
42.6239,11.4667
42.6831,11.4904
42.6660,11.5183
42.6907,11.5401
42.7281,11.5511
42.8283,11.5772
42.8668,11.5854
42.8779,11.5817
42.9039,11.5817
42.9475,11.5853
43.0240,11.5812
43.0319,11.5803
43.1194,11.5711
43.1572,11.5708
43.2350,11.4889
43.2492,11.4695
43.2883,11.4542
43.3756,11.3832
43.4549,11.3514
43.4825,11.2547
43.4900,11.2350
43.5018,11.2108
43.6244,11.0422
43.7092,10.9358
43.8139,10.8139
43.8353,10.7936
43.9383,10.7014
44.1839,10.5253
44.2083,10.5078
44.2528,10.4683
44.2783,10.4478
44.3028,10.4367
44.3914,10.4115
44.5566,10.4108
44.5944,10.4164
44.6144,10.4239
44.6330,10.4319
44.6561,10.4432
44.6825,10.4508
44.7224,10.4583
44.7469,10.4592
44.8003,10.4500
44.8333,10.4403
44.8533,10.4317
44.8921,10.4215
44.9356,10.4236
44.9689,10.4282
44.9929,10.4350
45.1594,10.5342
45.2500,10.5928
45.2717,10.6200
45.3317,10.6667
45.3621,10.6628
45.3860,10.6581
45.4492,10.6635
45.5128,10.6967
45.6283,10.7742
45.7006,10.8244
45.7589,10.8730
45.7999,10.8750
45.8524,10.8399
45.8694,10.8442
45.8975,10.8303
45.9742,10.7933
46.0797,10.7714
46.1155,10.7687
46.1636,10.7781
46.1987,10.7908
46.2467,10.7862
46.2718,10.7660
46.2969,10.7361
46.3356,10.7029
46.4175,10.6882
46.4533,10.6900
46.6462,10.7450
46.7681,10.8142
46.9797,10.9344
47.0547,10.9692
47.0931,10.9946
47.1469,11.0414
47.1649,11.0690
47.3400,11.1569
47.3683,11.1700
47.3967,11.1790
47.4831,11.1878
47.5142,11.1847
47.5503,11.1711
47.6133,11.1412
47.6424,11.1207
47.6643,11.1078
47.6917,11.0992
47.7136,11.1014
47.7411,11.1142
47.7925,11.1306
47.9081,11.1331
47.9478,11.1215
48.1257,11.1351
48.1656,11.1487
48.1955,11.1803
48.2219,11.2106
48.3428,11.2743
48.5214,11.3156
48.6607,11.3281
48.8172,11.2769
48.8625,11.2585
48.8807,11.2479
48.9569,11.2428
48.9872,11.2458
49.0141,11.2503
49.1922,11.2939
49.4242,11.3408
49.5166,11.3900
49.5439,11.4333
49.5603,11.4480
49.6769,11.4712
49.7060,11.4696
49.7310,11.4621
49.7531,11.4550
49.7847,11.4531
50.0692,11.5083
50.0932,11.5146
50.2814,11.5953
50.4362,11.6835
50.4858,11.7350
50.5042,11.7596
50.5154,11.7915
50.5219,11.8247
50.5335,11.8601
50.5529,11.8937
50.5790,11.9161
50.6356,11.9464
50.7694,11.9792
50.9100,11.9414
51.1447,11.8725
51.2728,11.8394
51.2783,11.8167
51.2385,11.6653
51.1992,11.6172
51.1672,11.5789
51.1253,11.5076
51.0764,11.3281
51.0717,11.2068
51.0831,11.1812
51.1124,11.1643
51.1647,11.1506
51.1615,11.1136
51.1397,11.0714
51.1303,11.0486
51.1197,11.0122
51.1146,10.9794
51.1292,10.7403
51.1456,10.6336
51.1029,10.4976
51.0878,10.4776
51.0400,10.4654
51.0172,10.4467
51.0526,10.4363
51.1348,10.4467
51.1913,10.4804
51.1894,10.5381
51.3768,10.4876
51.4113,10.4533
51.3912,10.3974
51.3686,10.3726
51.2740,10.3858
51.2571,10.4196
51.2186,10.4257
51.1478,10.4121
51.1219,10.4103
51.0926,10.4059
51.0727,10.4004
51.0352,10.3862
50.9589,10.3608
50.9111,10.3333
50.8958,10.3122
50.8947,10.1528
50.8992,10.0228
50.8153,9.6331
50.8025,9.5747
50.8036,9.5631
50.8094,9.5369
50.8192,9.5006
50.8356,9.4711
50.8385,9.4379
50.8189,9.4014
50.7554,9.3023
50.7136,9.2836
50.6896,9.2683
50.6569,9.2239
50.6469,9.2019
50.6426,9.1808
50.6457,9.1610
50.6525,9.1251
50.6460,9.0915
50.6335,9.0678
50.5534,8.9898
50.5183,8.9722
50.4968,8.9597
50.4793,8.9428
50.4249,8.8603
50.3222,8.6136
50.3269,8.5654
50.3229,8.5383
50.3107,8.5150
50.2837,8.4829
50.2537,8.4633
50.1969,8.3836
50.1854,8.3596
50.1783,8.3380
50.1603,8.3214
50.1487,8.3050
50.1389,8.2793
50.1255,8.2153
50.1090,8.1857
50.0691,8.1389
50.0289,8.1181
50.0072,8.1058
49.9781,8.0872
49.9408,8.0631
49.9222,8.0472
49.8442,7.9661
49.8293,7.9461
49.8139,7.9156
49.8064,7.8828
49.8044,7.8567
49.8046,7.8262
49.7958,7.7144
49.7325,7.5744
49.6644,7.4450
49.6522,7.4231
49.6361,7.3975
49.6314,7.3905
49.6042,7.3378
49.5900,7.3169
49.4855,7.1783
49.3978,7.0642
49.3789,7.0414
49.3428,6.9808
49.2505,6.8186
49.2194,6.7583
49.0987,6.4778
49.0756,6.4158
49.0719,6.3890
49.0761,6.3436
49.0828,6.3015
49.0780,6.2606
49.0678,6.2208
49.0597,6.1931
49.0524,6.1733
49.0408,6.1497
48.8533,5.8200
48.8208,5.7681
48.6683,5.5286
48.5914,5.4181
48.5172,5.3200
48.3708,5.1358
48.3286,5.0886
48.3101,5.0654
48.2017,4.9031
48.1914,4.8853
48.1642,4.8356
48.1522,4.8125
48.1269,4.7628
48.1105,4.7303
48.0531,4.6189
48.0006,4.5231
47.9511,4.4603
47.9244,4.4338
47.8719,4.3739
47.7075,4.1874
47.6569,4.1347
47.5969,4.0800
47.5725,4.0492
47.5469,4.0125
47.5114,3.9572
47.4481,3.8785
47.3778,3.8153
47.2297,3.6825
47.2146,3.6667
47.1847,3.6311
47.1091,3.5400
47.0894,3.5197
47.0458,3.4744
47.0169,3.4428
46.8769,3.2883
46.7639,3.1600
46.5486,2.9542
46.4850,2.8953
46.3581,2.7911
46.2378,2.6625
46.1753,2.5878
46.1105,2.5161
46.0433,2.4533
46.0256,2.4372
46.0090,2.4233
45.9267,2.3675
45.8942,2.3461
45.7878,2.2861
45.6878,2.2308
45.5858,2.1719
45.5822,2.1686
45.5432,2.1403
45.3678,2.0386
45.2418,1.9743
45.1983,1.9542
45.1330,1.9192
45.1247,1.9142
45.0889,1.9039
45.0669,1.8956
45.0378,1.8808
45.0042,1.8608
44.9328,1.8139
44.8481,1.7572
44.6047,1.5931
44.5450,1.5519
44.3436,1.3953
44.1742,1.2467
44.1450,1.2197
44.1086,1.1742
44.0672,1.1336
43.9458,1.0190
43.8830,0.9817
43.8605,0.9706
43.8397,0.9581
43.7901,0.9237
43.6510,0.7993
43.4886,0.6500
43.4664,0.6247
43.3360,0.4789
43.2883,0.4358
43.2674,0.4092
43.2478,0.3811
43.2272,0.3611
43.1353,0.2694
43.0031,0.1244
42.8903,-0.0019
42.8094,-0.0917
42.7792,-0.1225
42.7175,-0.1781
42.6422,-0.2411
42.5689,-0.3085
42.5194,-0.3725
42.4717,-0.4397
42.4592,-0.4569
42.4398,-0.4785
42.4167,-0.4925
42.3975,-0.5117
42.3017,-0.6336
42.2142,-0.7526
42.1769,-0.7981
42.1592,-0.8147
42.0667,-0.8961
41.9728,-1.0203
41.9172,-1.1278
41.7925,-1.3375
41.6925,-1.4969
41.6458,-1.5689
41.5903,-1.6394
41.5717,-1.6619
41.5582,-1.6749
41.5382,-1.6894
41.4783,-1.7528
41.4550,-1.7836
41.4378,-1.8075
41.4342,-1.8281
41.4144,-1.8525
41.3153,-1.9581
41.2803,-1.9703
41.2008,-1.9728
41.1056,-1.9819
40.9917,-2.0342
40.8917,-2.0192
40.9106,-2.1228
40.9450,-2.2125
40.9704,-2.2308
40.9821,-2.2572
40.9585,-2.3044
40.9209,-2.3159
40.9257,-2.2883
40.8900,-2.2258
40.8550,-2.2361
40.8392,-2.2483
40.7858,-2.3004
40.7843,-2.3304
40.8126,-2.3591
40.8242,-2.3832
40.8137,-2.4004
40.6305,-2.5528
40.5919,-2.5539
40.5637,-2.5417
40.5329,-2.5264
40.4858,-2.5353
40.4219,-2.5542
40.3822,-2.5689
40.3386,-2.5939
40.3119,-2.6097
40.2781,-2.6300
40.2311,-2.6711
40.1894,-2.7431
40.1714,-2.7800
40.1644,-2.8936
40.1662,-2.9328
40.1775,-2.9831
40.1578,-3.0808
40.1194,-3.1903
40.1318,-3.2213
40.1255,-3.2657
40.1078,-3.2921
40.0628,-3.3153
40.0253,-3.3406
39.9742,-3.3758
39.9350,-3.4669
39.8714,-3.6200
39.8706,-3.6419
39.8722,-3.6742
39.8675,-3.6956
39.8364,-3.7989
39.8292,-3.8189
39.8055,-3.8756
39.7817,-3.9258
39.7211,-4.0169
39.6931,-4.0525
39.6717,-4.0922
39.5256,-4.4178
39.4025,-4.6339
39.3258,-4.6400
39.3053,-4.6021
39.2558,-4.6119
39.2030,-4.6696
39.2165,-4.6914
39.2208,-4.7478
39.2206,-4.8486
39.1847,-4.9211
39.1628,-4.9335
39.1586,-4.8989
39.1673,-4.8657
39.1464,-4.8851
39.1378,-4.9228
39.1337,-4.9538
39.1269,-5.0514
39.0780,-5.2439
39.0555,-5.3131
39.0000,-5.4597
38.9667,-5.5467
38.9294,-5.6075
38.8594,-5.7700
38.8030,-5.9569
38.7861,-5.9960
38.7761,-6.0397
38.7824,-6.0604
38.8383,-6.1467
38.8433,-6.2678
38.8453,-6.3231
38.8517,-6.3511
38.8708,-6.3853
38.9226,-6.4467
38.9658,-6.4733
39.0222,-6.4897
39.0462,-6.4810
39.1422,-6.5706
39.1554,-6.5862
39.1675,-6.6142
39.2439,-6.7375
39.3050,-6.8164
39.3442,-6.8311
39.3900,-6.8481
39.4640,-6.8607
39.4928,-6.8917
39.5004,-6.9189
39.5074,-6.9392
39.5315,-6.9760
39.5479,-6.9943
39.5403,-7.0828
39.4836,-7.1669
39.4211,-7.2219
39.3917,-7.2636
39.3750,-7.2911
39.2997,-7.4592
39.2883,-7.4989
39.2744,-7.5792
39.2756,-7.6061
39.2775,-7.6303
39.2997,-7.7578
39.3222,-7.7369
39.3424,-7.7403
39.4467,-7.8142
39.4455,-8.0000
39.3486,-8.2750
39.3244,-8.2958
39.2953,-8.2679
39.3053,-8.2967
39.3100,-8.4033
39.3400,-8.5483
39.3542,-8.6667
39.3558,-8.7169
39.4586,-8.8225
39.5339,-8.9111
39.4525,-8.8614
39.4053,-8.8669
39.3927,-8.9067
39.4578,-8.9408
39.6333,-9.1722
39.6447,-9.1936
39.6497,-9.3556
39.7017,-9.5669
39.7319,-9.6561
39.7350,-9.7167
39.7306,-9.7550
39.7844,-9.8022
39.8037,-9.8433
39.8053,-9.8671
39.7911,-9.9239
39.8264,-9.9931
39.8897,-10.0217
39.9279,-10.0547
39.9726,-10.1256
39.9821,-10.1765
39.9756,-10.2023
39.9887,-10.2168
39.9976,-10.1706
39.9895,-10.1360
40.0472,-10.1406
40.0669,-10.1483
40.1136,-10.1678
40.1281,-10.1947
40.1325,-10.2478
40.2279,-10.2976
40.2612,-10.2722
40.2082,-10.2449
40.2381,-10.2053
40.3986,-10.3711
40.4339,-10.4478
40.4368,-10.4782
40.4478,-10.4711
40.5162,-10.4819
40.5694,-10.5972
40.5844,-10.6542
40.5883,-10.6867
40.5031,-10.7911
40.5514,-10.7997
40.6022,-10.8238
40.6172,-10.8417
40.6083,-10.8624
40.5753,-10.8789
40.5332,-10.8979
40.5092,-10.9298
40.5017,-10.9581
40.5062,-11.0314
40.5312,-11.0163
40.5638,-11.0242
40.5617,-11.0664
40.4986,-11.1767
40.4675,-11.2186
40.4172,-11.2814
40.3878,-11.3178
40.4767,-11.4041
40.4512,-11.5221
40.4289,-11.5747
40.4242,-11.6497
40.4461,-11.7369
40.4714,-11.8114
40.5056,-11.9572
40.5147,-12.3164
40.5100,-12.4340
40.4742,-12.5049
40.4989,-12.5210
40.5589,-12.5533
40.6111,-12.7089
40.6460,-12.7554
40.6440,-12.7774
40.5136,-12.8850
40.4767,-12.8842
40.4497,-12.9031
40.4158,-12.9354
40.4128,-12.9692
40.4611,-13.0164
40.4940,-13.0254
40.5108,-13.0068
40.5092,-12.9861
40.4927,-12.9550
40.5183,-12.9550
40.5929,-12.9707
40.5719,-13.2028
40.5394,-13.3122
40.5597,-13.3294
40.5899,-13.3719
40.5419,-13.4761
40.5258,-13.5153
40.5486,-13.5308
40.5789,-13.5672
40.5769,-13.5872
40.5393,-13.6404
40.5478,-13.6878
40.6028,-13.8968
40.6253,-13.9244
40.6358,-13.9463
40.6497,-14.0217
40.6428,-14.0708
40.6163,-14.1320
40.5850,-14.1481
40.5547,-14.1567
40.5328,-14.1675
40.5594,-14.2081
40.5986,-14.2458
40.6228,-14.2265
40.6492,-14.1975
40.6689,-14.1903
40.6989,-14.1832
40.7228,-14.2021
40.7447,-14.2747
40.7286,-14.3431
40.6823,-14.3656
40.6436,-14.4014
40.6361,-14.4847
40.6706,-14.4878
40.6900,-14.4358
40.7083,-14.4278
40.7751,-14.4044
40.8064,-14.4060
40.8211,-14.4235
40.8311,-14.4594
40.8461,-14.6978
40.8453,-14.7342
40.8322,-14.7811
40.8200,-14.8111
40.7285,-14.8890
40.7507,-14.9332
40.7703,-14.9783
40.7039,-15.0818
40.6075,-15.1153
40.5736,-15.1228
40.5378,-15.1240
40.5144,-15.1839
40.5383,-15.1942
40.5816,-15.1960
40.6056,-15.1633
40.6318,-15.1578
40.6683,-15.1915
40.6843,-15.2549
40.6717,-15.2892
40.5878,-15.4797
40.5783,-15.4989
40.5592,-15.5219
40.5433,-15.5342
40.4800,-15.5747
40.4379,-15.6021
40.4103,-15.6458
40.3811,-15.6949
40.3603,-15.7233
40.3386,-15.7444
40.2447,-15.8339
40.1255,-15.9400
40.1333,-15.9767
40.1340,-15.9976
40.0975,-16.0829
40.0281,-16.1772
39.9767,-16.2356
39.9328,-16.2433
39.9054,-16.2407
39.8839,-16.2393
39.8081,-16.2819
39.7826,-16.3056
39.8031,-16.3725
39.8175,-16.4128
39.6986,-16.5369
39.6744,-16.5553
39.5067,-16.6533
39.4389,-16.6853
39.3106,-16.7522
39.2839,-16.7683
39.1925,-16.8314
39.1275,-16.8704
39.1281,-16.8814
39.1250,-16.9378
39.0962,-16.9844
38.8969,-17.0394
38.8244,-17.0568
38.6861,-17.0708
38.6047,-17.0992
38.3919,-17.1764
38.3306,-17.1989
38.2497,-17.2294
38.2147,-17.2506
38.1981,-17.2696
38.0965,-17.3169
38.0417,-17.3294
38.0008,-17.3372
37.9608,-17.3450
37.9325,-17.3533
37.9117,-17.3606
37.8722,-17.3764
37.8531,-17.3858
37.7814,-17.4261
37.6092,-17.5258
37.4169,-17.6328
37.2206,-17.7501
37.0886,-17.8719
37.0675,-17.8947
37.0553,-17.9114
37.0318,-17.9521
37.0042,-17.9894
36.9839,-18.0014
36.9164,-17.9506
36.9082,-17.9093
36.8999,-17.8900
36.8701,-17.8757
36.8464,-17.8756
36.8215,-17.8948
36.8919,-17.9689
36.9522,-18.0294
36.9705,-18.0594
36.9439,-18.1086
36.8936,-18.1728
36.7736,-18.3015
36.6125,-18.4539
36.5022,-18.5550
36.4797,-18.5769
36.4189,-18.6742
36.3986,-18.7333
36.3205,-18.7944
36.2528,-18.8914
36.1581,-18.9039
36.1310,-18.9001
36.1226,-18.8410
36.1310,-18.8088
36.1231,-18.8025
36.1001,-18.8131
36.0592,-18.8661
35.9828,-18.9269
35.8789,-18.9750
35.8119,-19.0214
35.7486,-19.0658
35.6704,-19.1219
35.6561,-19.1525
35.6367,-19.1872
35.5761,-19.2714
35.4471,-19.4190
35.3631,-19.4967
35.2917,-19.5608
35.1122,-19.7169
34.8907,-19.8604
34.8476,-19.8556
34.8286,-19.8117
34.8127,-19.7784
34.6268,-19.6186
34.6330,-19.6525
34.6414,-19.6719
34.6839,-19.7390
34.7230,-19.7560
34.7425,-19.7690
34.7631,-19.7974
34.7761,-19.8259
34.7650,-19.8989
34.7597,-19.9361
34.7550,-19.9703
34.7505,-20.0367
34.7525,-20.0694
34.7594,-20.1806
34.6951,-20.3811
34.6669,-20.3912
34.7393,-20.5578
34.8711,-20.6567
34.9530,-20.6956
34.9836,-20.7233
34.9903,-20.7274
35.0125,-20.7789
35.0089,-20.8069
35.0744,-20.9131
35.1118,-20.9333
35.1030,-20.9573
35.1179,-20.9744
35.0825,-21.0872
35.0503,-21.0978
35.0792,-21.3242
35.1375,-21.4317
35.1839,-21.5167
35.2117,-21.5539
35.2282,-21.5694
35.2468,-21.5906
35.2696,-21.6486
35.2719,-21.6792
35.2636,-21.7117
35.2767,-21.8192
35.3008,-21.8836
35.3300,-21.9933
35.3375,-22.0744
35.3382,-22.1039
35.3269,-22.2340
35.3099,-22.3106
35.3024,-22.3304
35.3003,-22.3575
35.3067,-22.4075
35.3717,-22.4661
35.3972,-22.4600
35.4094,-22.4142
35.3914,-22.3471
35.3893,-22.2988
35.3933,-22.2700
35.4031,-22.2214
35.4186,-22.1711
35.4458,-22.1203
35.4806,-22.0958
35.5453,-22.2325
35.5428,-22.3906
35.5406,-22.4142
35.5336,-22.4528
35.5237,-22.4771
35.5126,-22.5057
35.4919,-22.5703
35.4858,-22.6292
35.5044,-22.8342
35.5224,-22.9153
35.5353,-22.9503
35.5973,-22.9197
35.5633,-23.0153
35.5485,-23.0419
35.5326,-23.0615
35.5192,-23.0831
35.4798,-23.1785
35.4789,-23.2178
35.4864,-23.2493
35.4868,-23.2818
35.4806,-23.3122
35.4686,-23.3411
35.4542,-23.3808
35.4211,-23.4894
35.4126,-23.5213
35.4083,-23.6122
35.4069,-23.6561
35.3478,-23.6953
35.3383,-23.9058
35.3397,-23.9694
35.3603,-23.9533
35.3763,-23.8580
35.4397,-23.8786
35.4753,-23.8257
35.4900,-23.7929
35.5229,-23.7955
35.5398,-23.8731
35.5171,-23.9211
35.5017,-23.9667
35.4833,-24.0481
35.4851,-24.0769
35.4956,-24.1022
35.4561,-24.1694
35.4047,-24.2447
35.3900,-24.2661
35.3094,-24.3658
35.2853,-24.3919
35.2634,-24.4089
35.1924,-24.4903
35.1855,-24.5222
35.1439,-24.5700
35.1183,-24.5886
35.0969,-24.6042
35.0789,-24.6158
35.0506,-24.6325
35.0122,-24.6542
34.9714,-24.6744
34.8128,-24.7433
34.6939,-24.7861
34.6539,-24.8000
34.6139,-24.8139
34.4826,-24.8561
34.4431,-24.8683
34.3742,-24.8917
34.3287,-24.9142
34.3039,-24.9269
34.2458,-24.9464
34.1081,-24.9869
33.9947,-25.0200
33.7226,-25.1090
33.3658,-25.2650
33.2379,-25.3274
33.2221,-25.3407
33.1319,-25.3812
33.1094,-25.3944
33.0486,-25.4306
32.9036,-25.5231
32.8821,-25.5383
32.8111,-25.6121
32.7703,-25.6836
32.7625,-25.7036
32.7386,-25.7756
32.7334,-25.8062
32.7044,-25.8258
32.6975,-25.8463
32.6939,-25.8741
32.6753,-25.8994
32.6479,-25.9265
32.6067,-25.9622
32.5872,-25.9724
32.6039,-26.0314
32.7231,-26.1794
32.8065,-26.2753
32.8432,-26.2911
32.8733,-26.2724
32.8692,-26.2389
32.8642,-26.2093
32.8933,-26.1267
32.9024,-26.1078
32.9456,-26.0877
32.9431,-26.1528
32.9369,-26.1989
32.9291,-26.2795
32.9278,-26.3536
32.9025,-26.7153
32.8819,-26.8192
32.8904,-26.8471
32.8761,-26.9228
32.8719,-26.9714
32.8683,-27.0075
32.8636,-27.0331
32.8417,-27.1100
32.8347,-27.1306
32.7475,-27.3533
32.7297,-27.3978
32.7094,-27.4406
32.6817,-27.4967
32.6739,-27.5158
32.6501,-27.6049
32.6314,-27.6847
32.6267,-27.7069
32.5881,-27.8912
32.5953,-27.9297
32.5647,-28.1147
32.5569,-28.1542
32.5453,-28.1842
32.5304,-28.2050
32.5089,-28.2336
32.4947,-28.2553
32.4767,-28.2867
32.4592,-28.3172
32.4322,-28.3781
32.4254,-28.4254
32.4083,-28.5000
32.3944,-28.5314
32.3755,-28.5525
32.2767,-28.6461
32.1900,-28.7219
32.0186,-28.8625
31.9942,-28.8794
31.9233,-28.9125
31.8967,-28.9242
31.8628,-28.9369
31.8276,-28.9407
31.7742,-28.9456
31.7233,-28.9983
31.6686,-29.0542
31.5572,-29.1669
31.4519,-29.2689
31.4281,-29.2914
31.3994,-29.3147
31.3606,-29.3525
31.3258,-29.3908
31.2097,-29.5353
31.1425,-29.6397
31.1178,-29.6794
31.0097,-29.8725
31.0001,-29.8993
31.0518,-29.8925
31.0351,-29.9250
30.9725,-29.9808
30.9467,-29.9997
30.9183,-30.0204
30.8700,-30.0769
30.8525,-30.1025
30.8404,-30.1290
30.8326,-30.1541
30.8197,-30.1817
30.7525,-30.2994
30.7394,-30.3219
30.7269,-30.3419
30.7100,-30.3647
30.6333,-30.4753
30.4764,-30.7136
30.4158,-30.8178
30.4050,-30.8353
30.3900,-30.8567
30.2167,-31.0574
30.1926,-31.0729
30.1857,-31.0857
30.1622,-31.1200
30.0239,-31.2811
30.0008,-31.3028
29.8947,-31.3907
29.8508,-31.4224
29.8317,-31.4301
29.7992,-31.4318
29.7733,-31.4404
29.7458,-31.4617
29.7114,-31.4939
29.6899,-31.5232
29.6294,-31.5814
29.5458,-31.6342
29.5269,-31.6458
29.4119,-31.7042
29.3206,-31.8025
29.2969,-31.8300
29.2678,-31.8653
29.2436,-31.8997
29.2008,-31.9519
29.0917,-32.0644
28.9342,-32.2195
28.8264,-32.3131
28.7792,-32.3419
28.6536,-32.4483
28.5653,-32.5303
28.5551,-32.5488
28.5424,-32.5679
28.3550,-32.7032
28.2628,-32.7550
28.2281,-32.7675
28.1056,-32.8643
28.0917,-32.8867
28.0781,-32.9022
27.9000,-33.0406
27.8389,-33.0719
27.7972,-33.0908
27.7303,-33.1175
27.6061,-33.2119
27.4514,-33.3103
27.3511,-33.3697
27.2064,-33.4589
27.1010,-33.5257
27.0306,-33.5564
26.9885,-33.5729
26.8892,-33.6039
26.7317,-33.6544
26.6442,-33.7008
26.6286,-33.7171
26.5306,-33.7533
26.4601,-33.7723
26.2779,-33.7651
26.2564,-33.7554
26.2233,-33.7428
26.1056,-33.7197
26.0792,-33.7147
26.0581,-33.7122
26.0031,-33.7108
25.9636,-33.7113
25.8900,-33.7189
25.8686,-33.7219
25.8303,-33.7314
25.7632,-33.7511
25.7250,-33.7672
25.6753,-33.7944
25.6286,-33.8514
25.6131,-33.9145
25.6156,-33.9370
25.6500,-33.9732
25.6727,-33.9834
25.7017,-34.0225
25.7019,-34.0320
25.6272,-34.0483
25.5844,-34.0489
25.4368,-34.0349
25.3925,-34.0275
25.3526,-34.0165
25.3121,-33.9957
25.2869,-33.9861
25.2433,-33.9747
25.1914,-33.9636
25.1642,-33.9589
25.0676,-33.9620
25.0226,-33.9681
24.9867,-33.9767
24.9422,-33.9903
24.9183,-34.0079
24.9189,-34.0349
24.9193,-34.0669
24.8247,-34.2017
24.7828,-34.1917
24.6550,-34.1697
24.6262,-34.1720
24.5904,-34.1799
24.5158,-34.1703
24.4750,-34.1599
24.4458,-34.1397
24.3856,-34.1072
24.0439,-34.0470
23.6944,-33.9894
23.6493,-33.9839
23.6401,-33.9850
23.6156,-33.9845
23.5853,-33.9864
23.5458,-33.9906
23.4519,-34.0081
23.3893,-34.0291
23.3690,-34.0503
23.3662,-34.0909
23.2408,-34.0936
23.0672,-34.0839
22.9594,-34.0914
22.8125,-34.0466
22.7833,-34.0111
22.5392,-34.0112
22.5150,-34.0325
22.4794,-34.0536
22.4389,-34.0642
22.4026,-34.0679
22.3642,-34.0620
22.2972,-34.0544
22.2011,-34.0772
22.1625,-34.0895
22.1335,-34.1072
22.1169,-34.1356
21.9439,-34.2303
21.9167,-34.2589
21.9137,-34.2800
21.9169,-34.3075
21.8996,-34.3378
21.8317,-34.3733
21.8025,-34.3831
21.7256,-34.3969
21.6486,-34.3894
21.6083,-34.3779
21.5803,-34.3636
21.5569,-34.3554
21.5321,-34.3522
21.4969,-34.3603
21.4255,-34.3864
21.3719,-34.4169
21.3014,-34.4328
21.2807,-34.4318
21.2103,-34.4150
21.1872,-34.4064
21.1661,-34.3964
21.1367,-34.3864
21.0825,-34.3683
21.0628,-34.3639
20.9656,-34.3608
20.9425,-34.3603
20.8869,-34.3717
20.8494,-34.4011
20.7986,-34.4586
20.7222,-34.4453
20.6861,-34.4406
20.6625,-34.4408
20.5958,-34.4461
20.5440,-34.4536
20.5044,-34.4647
20.4811,-34.4725
20.4628,-34.4808
20.4337,-34.5047
20.4132,-34.5328
20.3939,-34.5544
20.2303,-34.6608
20.1858,-34.6767
20.1194,-34.7100
20.0897,-34.7264
20.0475,-34.7742
20.0000,-34.8220
19.9917,-34.8208
19.9596,-34.8125
19.9300,-34.7958
19.9136,-34.7821
19.8800,-34.7619
19.8578,-34.7525
19.7136,-34.7544
19.6781,-34.7616
19.6465,-34.7731
19.6022,-34.7481
19.5419,-34.7086
19.5164,-34.6756
19.4236,-34.6219
19.3204,-34.5953
19.3640,-34.5307
19.3536,-34.4933
19.3367,-34.4636
19.3242,-34.4469
19.3076,-34.4281
19.2782,-34.4092
19.2476,-34.4117
19.2137,-34.4265
19.1203,-34.4085
19.1003,-34.3742
19.0833,-34.3464
18.9994,-34.3411
18.9136,-34.3569
18.8514,-34.3781
18.8197,-34.3789
18.8046,-34.3583
18.8086,-34.3086
18.8281,-34.2794
18.8429,-34.2568
18.8546,-34.1533
18.8235,-34.1072
18.7990,-34.0889
18.7526,-34.0779
18.7058,-34.0744
18.6019,-34.0736
18.5467,-34.0792
18.5128,-34.0876
18.4860,-34.0994
18.4422,-34.1413
18.4418,-34.1751
18.4789,-34.2345
18.4850,-34.3483
18.4576,-34.3447
18.4203,-34.3231
18.4047,-34.3028
18.3803,-34.2558
18.3106,-34.0356
18.3848,-33.9107
18.4151,-33.9028
18.4456,-33.9117
18.4667,-33.8172
18.4390,-33.7020
18.3089,-33.4850
18.2947,-33.4661
18.2639,-33.4306
18.2489,-33.4158
18.1606,-33.3411
18.1078,-33.2506
18.1172,-33.2039
18.1276,-33.1803
18.0280,-33.0260
17.9952,-33.0028
17.9527,-33.0106
17.9132,-33.0436
17.8761,-33.0008
17.8475,-32.8308
17.8675,-32.8120
17.9028,-32.7742
17.9864,-32.7328
18.0378,-32.7681
18.0593,-32.7786
18.1136,-32.7809
18.2612,-32.6707
18.2897,-32.6293
18.3086,-32.5857
18.3239,-32.5392
18.3337,-32.4878
18.3499,-32.2884
18.3433,-32.2472
18.3365,-32.2193
18.3194,-32.1800
18.3119,-32.1472
18.2717,-31.9506
18.2744,-31.9275
18.2791,-31.9030
18.2179,-31.7346
18.1781,-31.6706
18.1144,-31.5944
18.0772,-31.5517
18.0449,-31.5172
17.9331,-31.3878
17.9094,-31.3597
17.8878,-31.3308
17.8043,-31.2186
17.7875,-31.1928
17.7667,-31.1557
17.7258,-31.0906
17.6153,-30.9336
17.4822,-30.6958
17.4483,-30.6172
17.4392,-30.5953
17.4200,-30.5581
17.3532,-30.4556
17.3330,-30.4334
17.2779,-30.3423
17.2294,-30.2025
17.1811,-30.0706
17.1185,-29.9228
17.1069,-29.8986
17.0861,-29.8403
17.0589,-29.7178
17.0543,-29.6824
17.0014,-29.5197
16.9347,-29.3629
16.9108,-29.3333
16.8344,-29.1567
16.8183,-29.0944
16.6672,-28.9022
16.6450,-28.8839
16.6147,-28.8765
16.5331,-28.6981
16.4917,-28.6458
16.4833,-28.6083
16.4896,-28.5782
16.4516,-28.6146
16.3933,-28.5911
16.3544,-28.5628
16.1719,-28.3992
16.1581,-28.3839
16.1172,-28.3375
16.0497,-28.2664
16.0232,-28.2417
15.9975,-28.2292
15.9733,-28.2150
15.8986,-28.1628
15.7564,-28.0342
15.7361,-28.0111
15.6897,-27.9561
15.6765,-27.9292
15.6827,-27.9091
15.6714,-27.8735
15.6469,-27.8439
15.6056,-27.7975
15.5703,-27.7672
15.5525,-27.7544
15.5310,-27.7304
15.5219,-27.6818
15.5311,-27.6615
15.5192,-27.6269
15.3992,-27.4550
15.3606,-27.4072
15.2942,-27.3225
15.2872,-27.3022
15.2644,-27.2147
15.2700,-27.1622
15.2353,-26.9694
15.2186,-26.9367
15.2022,-26.9233
15.1792,-26.9183
15.1578,-26.9028
15.1125,-26.7839
15.0950,-26.7353
15.0840,-26.6969
15.0797,-26.6500
15.0940,-26.6342
15.1317,-26.6317
15.1368,-26.6747
15.1667,-26.6233
15.1718,-26.6017
15.1311,-26.4786
15.1174,-26.4471
15.0881,-26.4032
15.0475,-26.3750
15.0232,-26.3649
14.9919,-26.3536
14.9699,-26.3401
14.9592,-26.3081
14.9474,-26.1374
14.9743,-26.1302
14.9817,-26.0889
14.9808,-26.0635
14.9694,-26.0142
14.9575,-25.9878
14.9356,-25.9631
14.9153,-25.9368
14.8378,-25.7619
14.8343,-25.7419
14.8492,-25.6336
14.8647,-25.5903
14.8809,-25.5673
14.8410,-25.4186
14.8300,-25.4014
14.8171,-25.3792
14.8010,-25.2804
14.8117,-25.2533
14.8342,-25.1875
14.8578,-25.0872
14.8567,-25.0589
14.8389,-25.0114
14.8321,-24.9994
14.8011,-24.9567
14.7917,-24.9379
14.7871,-24.8931
14.7943,-24.8585
14.7793,-24.8040
14.7294,-24.7140
14.6647,-24.6422
14.6068,-24.5788
14.5981,-24.5599
14.6051,-24.5211
14.6193,-24.4868
14.6143,-24.4617
14.5708,-24.3597
14.5544,-24.3336
14.5108,-24.2519
14.4883,-24.1994
14.4728,-24.1533
14.4626,-24.1033
14.4553,-23.9878
14.4601,-23.9586
14.5103,-23.8264
14.5006,-23.6169
14.4950,-23.5828
14.4809,-23.5535
14.4408,-23.4514
14.4343,-23.4146
14.4412,-23.3929
14.4737,-23.3460
14.4816,-23.3731
14.4961,-23.3506
14.4981,-23.3243
14.4828,-23.2396
14.4614,-23.1664
14.4539,-23.1464
14.4511,-23.1422
14.4406,-23.1242
14.4311,-23.0994
14.4093,-23.0263
14.4106,-22.9672
14.4366,-22.8822
14.4478,-22.9265
14.4447,-22.9606
14.4624,-22.9970
14.5171,-22.9260
14.5350,-22.8816
14.5390,-22.8018
14.5292,-22.7200
14.5248,-22.6921
14.5274,-22.6680
14.5246,-22.6290
14.5114,-22.5528
14.4164,-22.3344
14.3876,-22.2835
14.2858,-22.1233
14.1278,-21.9406
14.1025,-21.9140
14.0425,-21.8622
13.9527,-21.7789
13.9680,-21.7347
13.9567,-21.7019
13.9356,-21.6744
13.8779,-21.5946
13.8660,-21.5489
13.8592,-21.5077
13.8128,-21.4315
13.7792,-21.3942
13.7011,-21.2961
13.5769,-21.1292
13.4039,-20.8624
13.3850,-20.8244
13.3778,-20.8044
13.3746,-20.7815
13.3764,-20.7399
13.3694,-20.7039
13.3528,-20.6467
13.3064,-20.5558
13.2791,-20.5201
13.2526,-20.4693
13.2442,-20.4331
13.2422,-20.4025
13.2389,-20.3731
13.2239,-20.3078
13.2175,-20.2875
13.1989,-20.2383
13.1750,-20.1808
13.1597,-20.1547
13.1403,-20.1311
13.1167,-20.1151
13.0844,-20.0994
13.0557,-20.0736
13.0419,-20.0464
13.0303,-20.0014
12.9892,-19.9094
12.9797,-19.8914
12.9703,-19.8733
12.9444,-19.8239
12.9278,-19.7893
12.8119,-19.5983
12.7914,-19.5650
12.7733,-19.5391
12.7072,-19.4178
12.6986,-19.3992
12.6881,-19.3694
12.6400,-19.2617
12.5869,-19.1525
12.5422,-19.0678
12.4608,-18.9281
12.4417,-18.8992
12.4187,-18.8665
12.3067,-18.7172
12.2908,-18.7008
12.2308,-18.6506
12.2136,-18.6386
12.1967,-18.6269
12.1746,-18.6128
12.1461,-18.5931
12.1256,-18.5778
12.0831,-18.5356
12.0208,-18.4711
11.9979,-18.4133
11.9975,-18.3743
11.9531,-18.2658
11.9439,-18.2478
11.8924,-18.1806
11.8471,-18.1392
11.8072,-18.0863
11.7676,-17.9882
11.7611,-17.9618
11.7419,-17.8303
11.7325,-17.7619
11.7167,-17.5642
11.7164,-17.5392
11.7172,-17.4836
11.7206,-17.4572
11.7322,-17.3722
11.7478,-17.3297
11.7497,-17.3092
11.7537,-17.2650
11.7528,-17.2548
11.7583,-17.1394
11.7719,-16.9658
11.7732,-16.8265
11.8125,-16.7914
11.8211,-16.7025
11.8222,-16.6728
11.8208,-16.5031
11.8197,-16.4717
11.8178,-16.4472
11.8156,-16.4233
11.8103,-16.3706
11.8075,-16.3475
11.7942,-16.2419
11.7864,-16.1961
11.7815,-16.0892
11.7914,-16.0528
11.8056,-16.0246
11.8103,-16.0003
11.8029,-15.9679
11.7714,-15.9243
11.7412,-15.8788
11.7312,-15.8507
11.7414,-15.8197
11.7735,-15.7837
11.8117,-15.7792
11.8276,-15.7996
11.8575,-15.7879
11.8908,-15.7551
12.0060,-15.5965
12.0150,-15.5694
12.0340,-15.4953
12.0360,-15.4640
12.0308,-15.4283
12.0303,-15.4019
12.0575,-15.2183
12.1061,-15.1142
12.1592,-14.9886
12.2053,-14.8778
12.2475,-14.7894
12.2736,-14.7524
12.2778,-14.6681
12.2822,-14.6375
12.3006,-14.5292
12.3158,-14.4661
12.3322,-14.4242
12.3404,-14.3969
12.3478,-14.3075
12.3416,-14.2600
12.3262,-14.2306
12.3173,-14.1900
12.3322,-14.1050
12.3578,-14.0414
12.4086,-13.9506
12.4828,-13.8773
12.5046,-13.8444
12.5360,-13.5776
12.5320,-13.5679
12.5231,-13.5529
12.5127,-13.4244
12.5400,-13.4003
12.7667,-13.1925
12.8625,-13.0858
12.9383,-12.9942
12.9619,-12.9480
12.9511,-12.9267
12.9271,-12.8567
12.9324,-12.8268
12.9700,-12.7844
13.1253,-12.6556
13.1981,-12.6096
13.2300,-12.6131
13.3544,-12.6035
13.3758,-12.5900
13.4592,-12.5086
13.4725,-12.4840
13.4737,-12.4567
13.4733,-12.4347
13.4858,-12.4056
13.5081,-12.3722
13.5253,-12.3507
13.5567,-12.3231
13.5760,-12.3124
13.6625,-12.1697
13.7642,-11.9361
13.7921,-11.7947
13.7944,-11.7589
13.7929,-11.7488
13.7865,-11.7158
13.7753,-11.5772
13.7789,-11.5169
13.7915,-11.3340
13.8163,-11.3031
13.8478,-11.0956
13.8536,-11.0029
13.8494,-10.9561
13.8360,-10.9216
13.7819,-10.8514
13.7245,-10.7655
13.7406,-10.7303
13.7696,-10.7003
13.7683,-10.6728
13.7464,-10.6431
13.6425,-10.5314
13.5389,-10.4237
13.5232,-10.3981
13.5208,-10.3746
13.5297,-10.3465
13.5114,-10.2821
13.4883,-10.2511
13.4797,-10.2411
13.4486,-10.1967
13.3160,-9.9632
13.3344,-9.9504
13.3292,-9.9097
13.3047,-9.8518
13.2903,-9.8286
13.2533,-9.7756
13.2222,-9.6485
13.2235,-9.6133
13.1700,-9.4086
13.1424,-9.3377
13.1167,-9.3011
12.9846,-9.0813
13.0028,-9.0220
13.0287,-8.9616
13.0763,-8.9173
13.1313,-8.8817
13.1040,-8.9070
13.0884,-8.9272
13.0704,-8.9423
13.0550,-8.9558
13.0297,-8.9861
13.0075,-9.0344
13.0006,-9.0547
13.0136,-9.0869
13.0553,-9.0247
13.0997,-8.9578
13.1903,-8.8616
13.2277,-8.8045
13.2783,-8.7811
13.3603,-8.7683
13.3875,-8.7403
13.4075,-8.6592
13.4003,-8.6308
13.3688,-8.5814
13.3511,-8.5044
13.3496,-8.4675
13.3792,-8.4588
13.3918,-8.3938
13.3699,-8.3293
13.3519,-8.3006
13.3192,-8.2572
13.2592,-8.1658
13.2156,-8.0656
13.1997,-8.0286
13.1947,-8.0092
13.1553,-7.9144
13.1161,-7.8217
13.1078,-7.8028
13.1013,-7.7920
13.0878,-7.7747
13.0724,-7.7501
13.0103,-7.5933
12.9844,-7.5267
12.9517,-7.4381
12.8692,-7.2686
12.8419,-7.0872
12.8331,-7.0194
12.8283,-6.9906
12.8178,-6.9503
12.6656,-6.7664
12.5986,-6.6953
12.5676,-6.6706
12.5489,-6.6550
12.5361,-6.6328
12.4619,-6.4736
12.3628,-6.2572
12.3408,-6.2228
12.3133,-6.1953
12.2633,-6.1344
12.2462,-6.1036
12.2566,-6.0776
12.2800,-6.0633
12.3058,-6.0599
12.3144,-6.0975
12.4083,-6.0769
12.5278,-6.0481
12.5800,-6.0361
12.7278,-6.0192
12.7950,-6.0165
12.8265,-6.0069
12.8917,-5.9761
12.9307,-5.9458
12.9453,-5.9189
12.9531,-5.8994
12.9799,-5.8844
13.0593,-5.8785
13.0919,-5.8983
13.1256,-5.8914
13.1726,-5.8639
13.1789,-5.8563
13.1079,-5.8692
12.9981,-5.8433
12.9748,-5.8277
12.8979,-5.8119
12.7582,-5.8610
12.7226,-5.9119
12.7142,-5.9508
12.6597,-5.9793
12.5247,-6.0069
12.4358,-6.0167
12.2650,-5.8647
12.2350,-5.8129
12.2146,-5.7686
12.1761,-5.7142
12.1548,-5.6774
12.1528,-5.6146
12.1621,-5.5814
12.1826,-5.5385
12.2254,-5.5288
12.2326,-5.5015
12.2286,-5.4769
12.1761,-5.3233
12.1639,-5.2939
12.1306,-5.2283
12.0836,-5.1464
12.0664,-5.1225
12.0453,-5.0889
12.0185,-5.0399
12.0261,-5.0150
12.0010,-5.0149
11.9328,-4.9247
11.8261,-4.8042
11.8066,-4.7772
11.7850,-4.6861
11.7839,-4.6286
11.7982,-4.6046
11.7933,-4.5718
11.7742,-4.5426
11.7528,-4.5161
11.7358,-4.4986
11.7072,-4.4717
11.6385,-4.4093
11.5586,-4.3475
11.3804,-4.1901
11.3640,-4.1619
11.3569,-4.1142
11.3432,-4.0929
11.3136,-4.0671
11.2169,-3.9911
11.1600,-3.9458
11.1407,-3.9253
11.0451,-3.8519
11.0093,-3.8054
10.9856,-3.7440
10.9861,-3.7213
10.9765,-3.6965
10.9603,-3.6753
10.9265,-3.6400
10.8275,-3.5528
10.8011,-3.5308
10.7522,-3.4969
10.7142,-3.4719
10.6460,-3.3455
10.6297,-3.3089
10.6117,-3.2858
10.5014,-3.1689
10.4353,-3.1042
10.3019,-2.9786
10.1983,-2.9025
10.1739,-2.8856
10.0686,-2.8044
10.0461,-2.7853
9.9929,-2.7370
9.9672,-2.7189
9.9450,-2.6997
9.8899,-2.6510
9.7392,-2.4915
9.7025,-2.4479
9.7409,-2.4802
9.7691,-2.4954
9.7999,-2.5012
9.8303,-2.5008
9.9707,-2.5828
9.9747,-2.6176
10.0161,-2.6397
10.1565,-2.5751
10.1335,-2.5239
10.0761,-2.4933
10.0033,-2.5375
9.9814,-2.5611
9.9586,-2.5453
9.9119,-2.4756
9.8681,-2.4194
9.8142,-2.4303
9.7944,-2.4553
9.7617,-2.4788
9.7234,-2.4395
9.6656,-2.4261
9.6319,-2.3942
9.6110,-2.3707
9.5894,-2.3391
9.5788,-2.2919
9.5806,-2.2550
9.5753,-2.2179
9.5553,-2.1882
9.5037,-2.1333
9.4853,-2.1167
9.4532,-2.0901
9.4242,-2.0610
9.3769,-2.0092
9.3369,-1.9367
9.3225,-1.9075
9.4433,-1.9175
9.4736,-1.9706
9.4883,-2.0072
9.5369,-2.0684
9.5624,-2.0575
9.5664,-2.0347
9.5181,-1.9269
9.4771,-1.8585
9.3732,-1.8233
9.3481,-1.8567
9.3164,-1.8572
9.2628,-1.8494
9.2438,-1.7823
9.2510,-1.7532
9.2535,-1.7219
9.2335,-1.6219
9.2219,-1.5958
9.2022,-1.5611
9.1822,-1.5300
9.1286,-1.4706
9.0694,-1.3928
9.0547,-1.3733
9.0303,-1.3361
9.0113,-1.3044
8.9855,-1.2431
8.9979,-1.2651
9.0164,-1.3069
9.0402,-1.3255
9.0756,-1.3403
9.1164,-1.4072
9.2333,-1.5303
9.2911,-1.6389
9.3619,-1.6292
9.3917,-1.6517
9.4117,-1.6728
9.4228,-1.6142
9.4517,-1.6108
9.4958,-1.6106
9.5139,-1.5967
9.4836,-1.5483
9.4364,-1.5149
9.3919,-1.5633
9.3475,-1.5758
9.3097,-1.5839
9.2883,-1.5704
9.2514,-1.4986
9.2796,-1.4707
9.3369,-1.3997
9.3497,-1.3639
9.3528,-1.3419
9.3334,-1.2856
9.3269,-1.3083
9.3371,-1.3450
9.3278,-1.3697
9.3044,-1.3839
9.2247,-1.4113
9.1765,-1.4123
9.0467,-1.3153
9.0267,-1.2976
9.0169,-1.2700
9.0208,-1.2358
8.9994,-1.1597
8.8969,-1.0081
8.8078,-0.8536
8.7864,-0.8139
8.7100,-0.6411
8.7008,-0.6031
8.7044,-0.5810
8.7511,-0.6142
8.7764,-0.6422
8.7911,-0.6817
8.8642,-0.7219
8.9585,-0.7561
9.0078,-0.8139
9.0873,-0.6792
9.0885,-0.6322
9.0989,-0.6047
9.1142,-0.5857
9.1392,-0.5626
9.1644,-0.5400
9.1869,-0.5147
9.2728,-0.4078
9.2983,-0.3717
9.3095,-0.3428
9.3106,-0.2986
9.3054,-0.2711
9.3056,-0.2497
9.3076,-0.2125
9.3168,-0.1836
9.3267,-0.1518
9.3411,-0.1179
9.3447,-0.0744
9.3394,-0.0493
9.3395,-0.0188
9.3496,0.0000
9.3509,0.0078
9.3417,0.0656
9.3200,0.1758
9.3022,0.2842
9.3058,0.3174
9.3508,0.3620
9.3725,0.3283
9.3817,0.2036
9.4669,0.1672
9.4894,0.1644
9.5633,0.1628
9.7064,0.1286
9.7465,0.1162
9.7897,0.1317
9.9211,0.1853
9.8581,0.1839
9.8265,0.1786
9.7883,0.1817
9.7678,0.1856
9.6805,0.2197
9.5908,0.2750
9.5500,0.2985
9.4977,0.2937
9.4603,0.3594
9.4414,0.4017
9.4189,0.4536
9.4071,0.4793
9.3535,0.5284
9.3303,0.5257
9.3086,0.5264
9.3051,0.5810
9.3151,0.6215
9.5178,0.6761
9.5422,0.6725
9.5583,0.6478
9.5840,0.5947
9.5876,0.5721
9.5847,0.5214
9.5819,0.4975
9.6000,0.4811
9.6304,0.5501
9.6328,0.5822
9.6250,0.7839
9.6171,0.8201
9.5991,0.8447
9.5600,0.9560
9.5720,0.9966
9.6028,1.0203
9.6760,1.0556
9.7375,1.0581
9.7624,1.0484
9.8040,1.0026
9.8017,1.0278
9.8459,1.0747
9.7847,1.0944
9.7474,1.1007
9.7022,1.0972
9.6756,1.0889
9.5712,1.0744
9.5470,1.1213
9.5175,1.1331
9.4839,1.1333
9.4078,1.1063
9.3647,1.1494
9.3603,1.1747
9.4258,1.2919
9.4580,1.3898
9.4900,1.4268
9.5606,1.4925
9.6364,1.5878
9.6110,1.6335
9.6119,1.6603
9.6403,1.7006
9.6814,1.7411
9.7105,1.7604
9.7950,1.8889
9.8134,1.9298
9.7992,1.9967
9.7781,2.1178
9.7726,2.3194
9.8118,2.3437
9.8167,2.3497
9.8214,2.4264
9.8167,2.4606
9.8144,2.4817
9.8200,2.5422
9.8233,2.5667
9.8744,2.8469
9.8962,2.9557
9.9099,2.9840
9.9352,3.0060
9.9525,3.0331
9.9622,3.0589
9.9651,3.0852
9.9539,3.1161
9.9356,3.1661
9.9286,3.1858
9.9133,3.2471
9.9279,3.2683
9.8783,3.3025
9.8519,3.3419
9.8119,3.3967
9.7219,3.4897
9.6978,3.5067
9.6617,3.5312
9.7359,3.5879
9.7458,3.6176
9.7085,3.5996
9.6655,3.5937
9.6271,3.5972
9.6367,3.6467
9.5540,3.7896
9.5431,3.8115
9.6406,3.8572
9.7217,3.8425
9.7225,3.8653
9.6778,3.9011
9.6131,3.9494
9.5283,4.0300
9.4987,4.0694
9.5007,4.1016
9.4884,4.1129
9.4486,4.0775
9.4496,4.0727
9.4558,4.0644
9.5075,4.0184
9.5284,3.9824
9.4683,3.9081
9.4350,3.8994
9.3978,3.9000
9.3728,3.9025
9.3449,3.9125
9.3316,3.9221
9.3100,3.9422
9.2150,3.9983
9.1025,4.0317
9.0394,4.0611
8.9741,4.0998
8.9767,4.1486
8.9833,4.1694
8.9882,4.2064
8.9607,4.2429
8.9411,4.2594
8.9244,4.2971
8.9056,4.3722
8.8975,4.4507
8.9081,4.4939
8.9236,4.5158
8.9318,4.5385
8.8986,4.5883
8.8413,4.6378
8.8414,4.6121
8.8647,4.5911
8.8736,4.5484
8.7849,4.5408
8.7261,4.5762
8.6664,4.6814
8.6681,4.6439
8.6750,4.5847
8.6867,4.5535
8.7117,4.5437
8.7242,4.5221
8.7142,4.5026
8.5374,4.5037
8.5084,4.5235
8.5024,4.5544
8.5106,4.6286
8.5256,4.6686
8.5836,4.8051
8.5917,4.8109
8.5852,4.8204
8.5532,4.8065
8.5343,4.7678
8.5368,4.7436
8.5410,4.7197
8.5282,4.7017
8.5069,4.6999
8.4786,4.7039
8.4017,4.7503
8.3428,4.8061
8.2747,4.8567
8.2717,4.8427
8.2594,4.8260
8.2706,4.8079
8.2976,4.7803
8.3140,4.7590
8.3594,4.6320
8.2937,4.5475
8.2699,4.5424
8.1183,4.5506
8.0225,4.5514
7.7686,4.5186
7.7236,4.5022
7.6953,4.4975
7.6739,4.4969
7.5614,4.5256
7.5372,4.5400
7.5306,4.6267
7.5333,4.6727
7.5504,4.7066
7.5461,4.7056
7.5237,4.6907
7.5165,4.6219
7.5287,4.6041
7.5061,4.5698
7.4472,4.5503
7.2725,4.5578
7.2386,4.5636
7.1797,4.6272
7.0743,4.7531
7.0595,4.7191
7.0907,4.6698
7.1183,4.6525
7.1480,4.6354
7.1697,4.6044
7.1761,4.5844
7.1794,4.5069
7.1652,4.4740
7.0731,4.4347
7.0428,4.4381
7.0197,4.4978
7.0033,4.5753
7.0275,4.6231
7.0393,4.6443
7.0093,4.7008
6.9639,4.7249
6.8997,4.6769
6.9064,4.6539
6.9789,4.4783
6.9875,4.4594
6.9986,4.4372
7.0118,4.4133
7.0238,4.3869
7.0087,4.3713
6.9614,4.3722
6.8717,4.3926
6.8217,4.5242
6.7628,4.7635
6.8064,4.4922
6.8167,4.4622
6.8350,4.4150
6.8508,4.3775
6.8486,4.3483
6.7942,4.3367
6.7383,4.3367
6.7205,4.3482
6.7092,4.4572
6.7124,4.4967
6.7200,4.5242
6.7343,4.5514
6.7422,4.5756
6.7324,4.6035
6.6569,4.5075
6.6649,4.4278
6.6876,4.3932
6.6924,4.3318
6.6306,4.3256
6.5744,4.3267
6.4936,4.3222
6.4050,4.3122
6.3006,4.2946
6.2512,4.3016
6.2533,4.3369
6.2823,4.3765
6.3227,4.4244
6.2528,4.4500
6.2331,4.3861
6.2150,4.3058
6.1722,4.2828
6.1117,4.2728
6.0578,4.2881
5.9358,4.3383
5.8686,4.3814
5.7369,4.4894
5.6694,4.5583
5.5993,4.6354
5.5824,4.6558
5.5661,4.6800
5.5236,4.7575
5.4975,4.8058
5.4853,4.8356
5.4519,4.9231
5.3842,5.1165
5.3997,5.1353
5.4354,5.1333
5.4539,5.1176
5.4706,5.0911
5.4934,5.1449
5.4557,5.1874
5.4463,5.1657
5.4147,5.1564
5.3683,5.1606
5.3453,5.3300
5.4525,5.3631
5.5397,5.4147
5.6206,5.5094
5.6360,5.5367
5.5436,5.5086
5.5067,5.4768
5.5035,5.4367
5.4872,5.4081
5.4275,5.3936
5.3760,5.3901
5.2619,5.4332
5.1932,5.5047
5.1884,5.5409
5.2148,5.5776
5.2778,5.5814
5.2978,5.5800
5.3800,5.5650
5.5025,5.5802
5.5025,5.6169
5.4460,5.6531
5.4135,5.6421
5.1821,5.5749
5.1422,5.6042
5.0867,5.6976
5.0836,5.7343
5.0000,5.8575
4.9486,5.9244
4.8725,6.0142
4.7464,6.1360
4.7060,6.1710
4.5337,6.2992
4.5019,6.3161
4.4666,6.3297
4.4547,6.3383
4.4372,6.3486
4.4102,6.3599
4.3729,6.3686
4.3225,6.3722
4.3000,6.3778
4.0858,6.4097
3.9911,6.4214
3.9567,6.4228
3.8453,6.4261
3.7475,6.4267
3.6942,6.4197
3.5667,6.4139
3.5350,6.4125
3.4447,6.4094
3.4131,6.4097
3.3913,6.4451
3.4344,6.4535
3.5067,6.4497
3.5381,6.4496
3.7306,6.5328
3.8524,6.6015
3.8072,6.6128
3.7672,6.6131
3.7134,6.6038
3.6506,6.5644
3.5264,6.5214
3.4784,6.5414
3.4790,6.5902
3.4431,6.5783
3.4026,6.5483
3.3708,6.4475
3.3857,6.4147
3.3192,6.3856
3.1074,6.3771
3.0669,6.3775
3.0403,6.3792
3.0200,6.3835
2.9739,6.3900
2.9344,6.3894
2.8814,6.3850
2.8572,6.3822
2.7196,6.3655
2.6431,6.3561
2.5400,6.3450
2.4844,6.3405
2.4800,6.3386
2.4550,6.3331
2.4047,6.3300
2.3628,6.3304
2.3311,6.3286
2.2758,6.3233
2.0561,6.2942
1.9874,6.2821
1.9269,6.2753
1.8033,6.2575
1.6975,6.2381
1.6400,6.2211
1.6354,6.2187
1.5606,6.2061
1.4689,6.1864
1.4089,6.1678
1.4036,6.1653
1.2940,6.1385
1.1989,6.1005
1.1722,6.0901
1.1369,6.0694
1.0989,6.0403
1.0749,6.0200
1.0306,5.9619
1.0100,5.9133
1.0033,5.8851
1.0019,5.8529
0.9924,5.8249
0.9690,5.7978
0.9450,5.7808
0.9200,5.7719
0.7900,5.7567
0.6880,5.7539
0.6947,5.7734